local_ts,wall_ts,coinbase_tick_ts,ticker,target,btc,btc_move_1s,yes_bid,yes_ask,yes_mid,book_rtt_ms
2026-10-01 08:38:00.604,1790861880.604561,1790861880.577312,KXBTC15M-26OCT010945-45,83473.44,83849.74,7.01,0.9740,0.9750,0.9745,231.3
2026-10-01 08:38:01.113,1790861881.112747,1790861880.972791,KXBTC15M-26OCT010945-45,83473.44,83856.45,15.62,0.9730,0.9750,0.9740,251.1
2026-10-01 08:38:01.699,1790861881.699599,1790861881.589666,KXBTC15M-26OCT010945-45,83473.44,83860.16,10.42,0.9760,0.9770,0.9765,330.1
2026-10-01 08:38:02.234,1790861882.234074,1790861882.176944,KXBTC15M-26OCT010945-45,83473.44,83867.69,11.24,0.9760,0.9770,0.9765,267.9
2026-10-01 08:38:02.792,1790861882.792036,1790861882.488894,KXBTC15M-26OCT010945-45,83473.44,83870.05,13.59,0.9770,0.9780,0.9775,300.3
2026-10-01 08:38:03.304,1790861883.304138,1790861882.793667,KXBTC15M-26OCT010945-45,83473.44,83875.48,4.91,0.9770,0.9780,0.9775,237.6
2026-10-01 08:38:03.877,1790861883.876904,1790861883.495018,KXBTC15M-26OCT010945-45,83473.44,83875.48,5.43,0.9770,0.9780,0.9775,317.7
2026-10-01 08:38:04.368,1790861884.367771,1790861884.290693,KXBTC15M-26OCT010945-45,83473.44,83878.20,2.72,0.9790,0.9800,0.9795,233.8
2026-10-01 08:38:04.886,1790861884.886027,1790861884.779701,KXBTC15M-26OCT010945-45,83473.44,83880.99,5.51,0.9790,0.9800,0.9795,262.1
2026-10-01 08:38:05.435,1790861885.435152,1790861885.411781,KXBTC15M-26OCT010945-45,83473.44,83881.24,3.03,0.9790,0.9800,0.9795,290.7
2026-10-01 08:38:05.938,1790861885.938249,1790861885.876168,KXBTC15M-26OCT010945-45,83473.44,83888.72,7.73,0.9790,0.9800,0.9795,248.7
2026-10-01 08:38:06.432,1790861886.432288,1790861886.384547,KXBTC15M-26OCT010945-45,83473.44,83871.45,-9.78,0.9790,0.9800,0.9795,237.9
2026-10-01 08:38:06.983,1790861886.982671,1790861886.682656,KXBTC15M-26OCT010945-45,83473.44,83878.99,-12.12,0.9780,0.9790,0.9785,295.7
2026-10-01 08:38:07.512,1790861887.512643,1790861887.483708,KXBTC15M-26OCT010945-45,83473.44,83867.20,-2.80,0.9780,0.9790,0.9785,271.4
2026-10-01 08:38:07.990,1790861887.990297,1790861887.875310,KXBTC15M-26OCT010945-45,83473.44,83860.16,-18.83,0.9750,0.9760,0.9755,219.5
2026-10-01 08:38:08.481,1790861888.480761,1790861887.875310,KXBTC15M-26OCT010945-45,83473.44,83860.16,-18.83,0.9750,0.9760,0.9755,235.7
2026-10-01 08:38:08.977,1790861888.976695,1790861887.875310,KXBTC15M-26OCT010945-45,83473.44,83860.16,-18.83,0.9800,0.9810,0.9805,241.4
2026-10-01 08:38:09.483,1790861889.482871,1790861889.480446,KXBTC15M-26OCT010945-45,83473.44,83843.06,-17.10,0.9800,0.9810,0.9805,231.5
2026-10-01 08:38:10.013,1790861890.012653,1790861889.976117,KXBTC15M-26OCT010945-45,83473.44,83840.83,-19.33,0.9800,0.9810,0.9805,273.1
2026-10-01 08:38:10.522,1790861890.521876,1790861890.473886,KXBTC15M-26OCT010945-45,83473.44,83825.05,-24.69,0.9800,0.9810,0.9805,251.7
2026-10-01 08:38:11.096,1790861891.096441,1790861891.007115,KXBTC15M-26OCT010945-45,83473.44,83828.59,-12.24,0.9800,0.9810,0.9805,319.2
2026-10-01 08:38:11.615,1790861891.614726,1790861891.480468,KXBTC15M-26OCT010945-45,83473.44,83824.33,-0.72,0.9770,0.9780,0.9775,255.0
2026-10-01 08:38:12.130,1790861892.129921,1790861892.082488,KXBTC15M-26OCT010945-45,83473.44,83820.41,-8.18,0.9770,0.9780,0.9775,259.9
2026-10-01 08:38:12.622,1790861892.622513,1790861892.082488,KXBTC15M-26OCT010945-45,83473.44,83820.41,-8.18,0.9750,0.9760,0.9755,232.1
2026-10-01 08:38:13.150,1790861893.150139,1790861893.072442,KXBTC15M-26OCT010945-45,83473.44,83803.00,-17.40,0.9750,0.9760,0.9755,273.6
2026-10-01 08:38:13.665,1790861893.664926,1790861893.481616,KXBTC15M-26OCT010945-45,83473.44,83799.08,-21.33,0.9750,0.9760,0.9755,252.5
2026-10-01 08:38:14.142,1790861894.141755,1790861894.108763,KXBTC15M-26OCT010945-45,83473.44,83797.65,-5.35,0.9750,0.9760,0.9755,221.4
2026-10-01 08:38:14.630,1790861894.630329,1790861894.575680,KXBTC15M-26OCT010945-45,83473.44,83805.91,6.83,0.9750,0.9760,0.9755,234.3
2026-10-01 08:38:15.181,1790861895.181334,1790861894.683106,KXBTC15M-26OCT010945-45,83473.44,83805.91,6.83,0.9750,0.9760,0.9755,290.1
2026-10-01 08:38:15.728,1790861895.728390,1790861895.681951,KXBTC15M-26OCT010945-45,83473.44,83795.21,-10.70,0.9750,0.9760,0.9755,284.0
2026-10-01 08:38:16.299,1790861896.299159,1790861896.272839,KXBTC15M-26OCT010945-45,83473.44,83795.19,-10.72,0.9750,0.9760,0.9755,301.5
2026-10-01 08:38:16.814,1790861896.813868,1790861896.787013,KXBTC15M-26OCT010945-45,83473.44,83793.56,-1.65,0.9750,0.9760,0.9755,246.2
2026-10-01 08:38:17.842,1790861897.842437,1790861897.788047,KXBTC15M-26OCT010945-45,83473.44,83791.00,-2.56,0.9700,0.9710,0.9705,767.9
2026-10-01 08:38:18.409,1790861898.408792,1790861898.386078,KXBTC15M-26OCT010945-45,83473.44,83791.01,-1.49,0.9700,0.9710,0.9705,291.2
2026-10-01 08:38:18.954,1790861898.954528,1790861898.887782,KXBTC15M-26OCT010945-45,83473.44,83792.50,1.50,0.9700,0.9710,0.9705,258.5
2026-10-01 08:38:19.493,1790861899.492673,1790861899.287198,KXBTC15M-26OCT010945-45,83473.44,83791.21,0.20,0.9700,0.9710,0.9705,264.7
2026-10-01 08:38:20.056,1790861900.056664,1790861899.886177,KXBTC15M-26OCT010945-45,83473.44,83803.78,11.28,0.9720,0.9730,0.9725,296.4
2026-10-01 08:38:20.658,1790861900.658187,1790861900.475435,KXBTC15M-26OCT010945-45,83473.44,83805.90,14.69,0.9750,0.9760,0.9755,330.1
2026-10-01 08:38:21.190,1790861901.189769,1790861901.181562,KXBTC15M-26OCT010945-45,83473.44,83810.10,7.64,0.9730,0.9740,0.9735,263.9
2026-10-01 08:38:21.728,1790861901.727646,1790861901.693484,KXBTC15M-26OCT010945-45,83473.44,83810.11,4.21,0.9740,0.9750,0.9745,273.0
2026-10-01 08:38:22.687,1790861902.686874,1790861902.682417,KXBTC15M-26OCT010945-45,83473.44,83797.90,-12.20,0.9730,0.9740,0.9735,704.1
2026-10-01 08:38:23.184,1790861903.183992,1790861902.682417,KXBTC15M-26OCT010945-45,83473.44,83797.90,-12.20,0.9720,0.9730,0.9725,242.6
2026-10-01 08:38:23.708,1790861903.708256,1790861902.682417,KXBTC15M-26OCT010945-45,83473.44,83797.90,-12.20,0.9740,0.9750,0.9745,269.4
2026-10-01 08:38:24.197,1790861904.196953,1790861904.080373,KXBTC15M-26OCT010945-45,83473.44,83827.02,29.12,0.9740,0.9750,0.9745,234.1
2026-10-01 08:38:24.755,1790861904.755640,1790861904.431643,KXBTC15M-26OCT010945-45,83473.44,83828.53,30.63,0.9780,0.9790,0.9785,303.1
2026-10-01 08:38:25.323,1790861905.323351,1790861905.277143,KXBTC15M-26OCT010945-45,83473.44,83838.13,11.11,0.9780,0.9790,0.9785,299.3
2026-10-01 08:38:25.845,1790861905.844829,1790861905.373141,KXBTC15M-26OCT010945-45,83473.44,83839.32,12.29,0.9790,0.9800,0.9795,254.6
2026-10-01 08:38:26.351,1790861906.351579,1790861905.879611,KXBTC15M-26OCT010945-45,83473.44,83848.00,19.47,0.9770,0.9780,0.9775,239.4
2026-10-01 08:38:26.998,1790861906.998552,1790861906.686574,KXBTC15M-26OCT010945-45,83473.44,83835.34,-3.98,0.9780,0.9790,0.9785,371.5
2026-10-01 08:38:27.509,1790861907.509300,1790861907.276587,KXBTC15M-26OCT010945-45,83473.44,83844.40,-3.60,0.9780,0.9790,0.9785,242.9
2026-10-01 08:38:28.098,1790861908.098394,1790861908.073468,KXBTC15M-26OCT010945-45,83473.44,83854.08,18.74,0.9790,0.9800,0.9795,314.1
2026-10-01 08:38:28.643,1790861908.642850,1790861908.073468,KXBTC15M-26OCT010945-45,83473.44,83854.08,18.74,0.9790,0.9800,0.9795,246.5
2026-10-01 08:38:29.155,1790861909.155644,1790861909.086427,KXBTC15M-26OCT010945-45,83473.44,83866.68,12.60,0.9810,0.9820,0.9815,249.4
2026-10-01 08:38:29.688,1790861909.688222,1790861909.587599,KXBTC15M-26OCT010945-45,83473.44,83862.11,8.03,0.9810,0.9820,0.9815,264.7
2026-10-01 08:38:30.189,1790861910.189488,1790861909.883054,KXBTC15M-26OCT010945-45,83473.44,83865.76,-1.29,0.9820,0.9830,0.9825,242.0
2026-10-01 08:38:30.766,1790861910.766130,1790861910.490765,KXBTC15M-26OCT010945-45,83473.44,83870.38,3.70,0.9830,0.9840,0.9835,309.4
2026-10-01 08:38:31.267,1790861911.266958,1790861910.976955,KXBTC15M-26OCT010945-45,83473.44,83870.57,4.81,0.9830,0.9840,0.9835,236.4
2026-10-01 08:38:31.762,1790861911.762494,1790861911.692519,KXBTC15M-26OCT010945-45,83473.44,83878.01,7.63,0.9830,0.9840,0.9835,226.2
2026-10-01 08:38:32.336,1790861912.336070,1790861912.198071,KXBTC15M-26OCT010945-45,83473.44,83889.74,19.17,0.9830,0.9840,0.9835,317.7
2026-10-01 08:38:32.824,1790861912.823894,1790861912.472726,KXBTC15M-26OCT010945-45,83473.44,83886.73,16.15,0.9830,0.9840,0.9835,221.6
2026-10-01 08:38:33.361,1790861913.361088,1790861913.093696,KXBTC15M-26OCT010945-45,83473.44,83886.72,5.72,0.9830,0.9840,0.9835,278.9
2026-10-01 08:38:33.865,1790861913.865364,1790861913.801183,KXBTC15M-26OCT010945-45,83473.44,83875.02,-11.71,0.9830,0.9840,0.9835,243.1
2026-10-01 08:38:34.420,1790861914.420340,1790861914.075055,KXBTC15M-26OCT010945-45,83473.44,83870.64,-16.09,0.9820,0.9830,0.9825,298.6
2026-10-01 08:38:34.940,1790861914.939893,1790861914.694875,KXBTC15M-26OCT010945-45,83473.44,83863.90,-11.12,0.9820,0.9830,0.9825,261.8
2026-10-01 08:38:35.448,1790861915.447834,1790861914.694875,KXBTC15M-26OCT010945-45,83473.44,83863.90,-11.12,0.9820,0.9830,0.9825,238.5
2026-10-01 08:38:35.977,1790861915.977370,1790861915.883858,KXBTC15M-26OCT010945-45,83473.44,83862.87,-1.03,0.9830,0.9840,0.9835,265.4
2026-10-01 08:38:36.511,1790861916.511304,1790861916.185256,KXBTC15M-26OCT010945-45,83473.44,83870.65,6.75,0.9830,0.9840,0.9835,266.5
2026-10-01 08:38:37.070,1790861917.070725,1790861916.880820,KXBTC15M-26OCT010945-45,83473.44,83884.99,21.09,0.9830,0.9840,0.9835,292.1
2026-10-01 08:38:37.590,1790861917.589876,1790861917.582027,KXBTC15M-26OCT010945-45,83473.44,83896.01,17.87,0.9830,0.9840,0.9835,231.7
2026-10-01 08:38:38.184,1790861918.184238,1790861917.785032,KXBTC15M-26OCT010945-45,83473.44,83896.02,17.88,0.9850,0.9860,0.9855,319.9
2026-10-01 08:38:38.703,1790861918.703622,1790861917.785032,KXBTC15M-26OCT010945-45,83473.44,83896.02,17.88,0.9850,0.9860,0.9855,244.1
2026-10-01 08:38:39.292,1790861919.292172,1790861919.273531,KXBTC15M-26OCT010945-45,83473.44,83885.95,-10.07,0.9840,0.9850,0.9845,316.1
2026-10-01 08:38:39.809,1790861919.809369,1790861919.686617,KXBTC15M-26OCT010945-45,83473.44,83896.02,0.00,0.9850,0.9860,0.9855,257.7
2026-10-01 08:38:40.328,1790861920.328361,1790861920.181251,KXBTC15M-26OCT010945-45,83473.44,83918.61,35.55,0.9850,0.9860,0.9855,250.6
2026-10-01 08:38:40.846,1790861920.846718,1790861920.684526,KXBTC15M-26OCT010945-45,83473.44,83914.41,25.42,0.9850,0.9860,0.9855,262.0
2026-10-01 08:38:41.391,1790861921.391399,1790861921.390262,KXBTC15M-26OCT010945-45,83473.44,83907.30,-11.31,0.9850,0.9860,0.9855,290.5
2026-10-01 08:38:41.892,1790861921.892283,1790861921.775699,KXBTC15M-26OCT010945-45,83473.44,83909.14,-5.27,0.9840,0.9850,0.9845,231.9
2026-10-01 08:38:42.380,1790861922.379923,1790861922.180068,KXBTC15M-26OCT010945-45,83473.44,83909.14,-1.50,0.9850,0.9860,0.9855,230.9
2026-10-01 08:38:42.869,1790861922.869191,1790861922.679574,KXBTC15M-26OCT010945-45,83473.44,83901.00,-8.14,0.9850,0.9860,0.9855,235.4
2026-10-01 08:38:44.418,1790861924.418512,1790861923.784464,KXBTC15M-26OCT010945-45,83473.44,83912.68,11.68,0.9850,0.9860,0.9855,1269.3
2026-10-01 08:38:44.972,1790861924.972258,1790861924.580182,KXBTC15M-26OCT010945-45,83473.44,83926.71,24.23,0.9850,0.9860,0.9855,289.4
2026-10-01 08:38:45.493,1790861925.493564,1790861925.479563,KXBTC15M-26OCT010945-45,83473.44,83929.00,16.32,0.9850,0.9860,0.9855,249.6
2026-10-01 08:38:46.028,1790861926.028300,1790861925.978055,KXBTC15M-26OCT010945-45,83473.44,83933.09,6.38,0.9860,0.9870,0.9865,244.3
2026-10-01 08:38:46.529,1790861926.529580,1790861926.384512,KXBTC15M-26OCT010945-45,83473.44,83933.09,6.38,0.9860,0.9870,0.9865,237.2
2026-10-01 08:38:47.118,1790861927.117882,1790861927.089494,KXBTC15M-26OCT010945-45,83473.44,83922.80,-10.29,0.9840,0.9870,0.9855,305.4
2026-10-01 08:38:47.620,1790861927.619891,1790861927.475959,KXBTC15M-26OCT010945-45,83473.44,83916.04,-17.05,0.9870,0.9880,0.9875,245.3
2026-10-01 08:38:48.129,1790861928.129371,1790861928.088815,KXBTC15M-26OCT010945-45,83473.44,83914.99,-10.62,0.9870,0.9880,0.9875,231.4
2026-10-01 08:38:48.666,1790861928.665924,1790861928.191648,KXBTC15M-26OCT010945-45,83473.44,83914.03,-8.77,0.9880,0.9890,0.9885,270.8
2026-10-01 08:38:49.200,1790861929.200303,1790861929.179901,KXBTC15M-26OCT010945-45,83473.44,83901.84,-13.15,0.9870,0.9880,0.9875,258.9
2026-10-01 08:38:49.693,1790861929.692865,1790861929.473591,KXBTC15M-26OCT010945-45,83473.44,83892.65,-21.38,0.9870,0.9880,0.9875,235.6
2026-10-01 08:38:50.188,1790861930.188090,1790861930.177550,KXBTC15M-26OCT010945-45,83473.44,83888.44,-14.73,0.9870,0.9880,0.9875,238.5
2026-10-01 08:38:50.699,1790861930.699304,1790861930.177550,KXBTC15M-26OCT010945-45,83473.44,83888.44,-14.73,0.9870,0.9880,0.9875,256.6
2026-10-01 08:38:51.216,1790861931.216335,1790861931.073416,KXBTC15M-26OCT010945-45,83473.44,83884.83,-5.28,0.9870,0.9880,0.9875,259.8
2026-10-01 08:38:51.707,1790861931.707441,1790861931.479978,KXBTC15M-26OCT010945-45,83473.44,83882.23,-6.21,0.9870,0.9880,0.9875,236.8
2026-10-01 08:38:52.212,1790861932.212225,1790861931.479978,KXBTC15M-26OCT010945-45,83473.44,83882.23,-6.21,0.9870,0.9880,0.9875,248.4
2026-10-01 08:38:52.715,1790861932.715466,1790861932.394460,KXBTC15M-26OCT010945-45,83473.44,83881.01,-3.82,0.9870,0.9880,0.9875,248.3
2026-10-01 08:38:53.243,1790861933.243540,1790861932.880754,KXBTC15M-26OCT010945-45,83473.44,83881.01,-1.22,0.9870,0.9880,0.9875,270.1
2026-10-01 08:38:53.779,1790861933.779602,1790861933.373828,KXBTC15M-26OCT010945-45,83473.44,83881.00,-1.20,0.9860,0.9870,0.9865,277.9
2026-10-01 08:38:54.282,1790861934.281921,1790861933.975802,KXBTC15M-26OCT010945-45,83473.44,83870.59,-10.42,0.9860,0.9870,0.9865,247.8
2026-10-01 08:38:54.802,1790861934.801823,1790861934.580473,KXBTC15M-26OCT010945-45,83473.44,83870.58,-10.42,0.9860,0.9870,0.9865,263.7
2026-10-01 08:38:55.351,1790861935.350962,1790861935.281878,KXBTC15M-26OCT010945-45,83473.44,83870.58,-0.01,0.9860,0.9870,0.9865,281.0
2026-10-01 08:38:55.868,1790861935.868313,1790861935.685966,KXBTC15M-26OCT010945-45,83473.44,83880.44,9.86,0.9850,0.9860,0.9855,260.1
2026-10-01 08:38:56.376,1790861936.375768,1790861935.872841,KXBTC15M-26OCT010945-45,83473.44,83880.44,9.86,0.9850,0.9860,0.9855,251.5
2026-10-01 08:38:56.886,1790861936.885994,1790861935.872841,KXBTC15M-26OCT010945-45,83473.44,83880.44,9.86,0.9850,0.9860,0.9855,255.3
2026-10-01 08:38:57.404,1790861937.404539,1790861937.283871,KXBTC15M-26OCT010945-45,83473.44,83883.75,3.31,0.9850,0.9860,0.9855,244.6
2026-10-01 08:38:57.878,1790861937.878627,1790861937.784623,KXBTC15M-26OCT010945-45,83473.44,83888.88,8.44,0.9850,0.9860,0.9855,218.1
2026-10-01 08:38:58.358,1790861938.357845,1790861938.177519,KXBTC15M-26OCT010945-45,83473.44,83885.04,4.60,0.9850,0.9860,0.9855,223.4
2026-10-01 08:38:58.869,1790861938.868878,1790861938.177519,KXBTC15M-26OCT010945-45,83473.44,83885.04,4.60,0.9850,0.9860,0.9855,254.4
2026-10-01 08:38:59.380,1790861939.380126,1790861939.275049,KXBTC15M-26OCT010945-45,83473.44,83888.88,3.84,0.9850,0.9860,0.9855,256.8
2026-10-01 08:38:59.902,1790861939.902663,1790861939.381692,KXBTC15M-26OCT010945-45,83473.44,83888.88,3.84,0.9840,0.9850,0.9845,264.2
2026-10-01 08:39:00.411,1790861940.410821,1790861940.273500,KXBTC15M-26OCT010945-45,83473.44,83888.89,3.85,0.9860,0.9870,0.9865,252.9
2026-10-01 08:39:00.924,1790861940.924191,1790861940.273500,KXBTC15M-26OCT010945-45,83473.44,83888.89,3.85,0.9860,0.9870,0.9865,258.1
2026-10-01 08:39:01.450,1790861941.450611,1790861940.983130,KXBTC15M-26OCT010945-45,83473.44,83891.13,2.25,0.9860,0.9870,0.9865,267.2
2026-10-01 08:39:01.965,1790861941.965425,1790861941.685424,KXBTC15M-26OCT010945-45,83473.44,83900.72,11.83,0.9860,0.9870,0.9865,257.7
2026-10-01 08:39:02.502,1790861942.501623,1790861942.380603,KXBTC15M-26OCT010945-45,83473.44,83894.96,3.83,0.9880,0.9890,0.9885,280.7
2026-10-01 08:39:03.016,1790861943.015831,1790861942.980756,KXBTC15M-26OCT010945-45,83473.44,83899.70,-1.02,0.9870,0.9880,0.9875,260.0
2026-10-01 08:39:03.500,1790861943.500453,1790861942.980756,KXBTC15M-26OCT010945-45,83473.44,83899.70,-1.02,0.9870,0.9880,0.9875,230.7
2026-10-01 08:39:03.976,1790861943.976441,1790861943.575037,KXBTC15M-26OCT010945-45,83473.44,83899.70,4.74,0.9860,0.9880,0.9870,222.2
2026-10-01 08:39:04.495,1790861944.494964,1790861944.183263,KXBTC15M-26OCT010945-45,83473.44,83892.01,-7.69,0.9870,0.9880,0.9875,263.2
2026-10-01 08:39:05.048,1790861945.048372,1790861944.183263,KXBTC15M-26OCT010945-45,83473.44,83892.01,-7.69,0.9870,0.9880,0.9875,293.5
2026-10-01 08:39:05.560,1790861945.559229,1790861945.279371,KXBTC15M-26OCT010945-45,83473.44,83896.97,4.96,0.9870,0.9880,0.9875,255.6
2026-10-01 08:39:06.072,1790861946.072548,1790861945.279371,KXBTC15M-26OCT010945-45,83473.44,83896.97,4.96,0.9870,0.9880,0.9875,256.4
2026-10-01 08:39:06.583,1790861946.583387,1790861946.474805,KXBTC15M-26OCT010945-45,83473.44,83898.60,1.63,0.9870,0.9880,0.9875,252.6
2026-10-01 08:39:07.095,1790861947.095357,1790861946.875238,KXBTC15M-26OCT010945-45,83473.44,83898.60,1.63,0.9870,0.9880,0.9875,249.0
2026-10-01 08:39:07.637,1790861947.636961,1790861947.478045,KXBTC15M-26OCT010945-45,83473.44,83919.33,20.73,0.9900,0.9910,0.9905,258.4
2026-10-01 08:39:08.209,1790861948.209660,1790861947.881866,KXBTC15M-26OCT010945-45,83473.44,83922.68,24.08,0.9900,0.9910,0.9905,298.5
2026-10-01 08:39:08.786,1790861948.786072,1790861948.683212,KXBTC15M-26OCT010945-45,83473.44,83917.27,-2.06,0.9880,0.9890,0.9885,299.6
2026-10-01 08:39:09.346,1790861949.346461,1790861949.079118,KXBTC15M-26OCT010945-45,83473.44,83900.25,-22.43,0.9870,0.9880,0.9875,291.1
2026-10-01 08:39:09.873,1790861949.873180,1790861949.681546,KXBTC15M-26OCT010945-45,83473.44,83903.16,-19.52,0.9870,0.9880,0.9875,249.4
2026-10-01 08:39:10.401,1790861950.401568,1790861950.400617,KXBTC15M-26OCT010945-45,83473.44,83896.63,-3.62,0.9870,0.9880,0.9875,262.7
2026-10-01 08:39:10.944,1790861950.944580,1790861950.687825,KXBTC15M-26OCT010945-45,83473.44,83897.87,-5.29,0.9870,0.9880,0.9875,288.3
2026-10-01 08:39:11.502,1790861951.502357,1790861951.473951,KXBTC15M-26OCT010945-45,83473.44,83896.86,0.23,0.9870,0.9880,0.9875,282.8
2026-10-01 08:39:12.051,1790861952.051564,1790861951.785794,KXBTC15M-26OCT010945-45,83473.44,83896.87,-1.00,0.9870,0.9880,0.9875,270.5
2026-10-01 08:39:12.563,1790861952.563682,1790861952.184416,KXBTC15M-26OCT010945-45,83473.44,83898.96,1.09,0.9870,0.9880,0.9875,253.9
2026-10-01 08:39:13.074,1790861953.074496,1790861952.675319,KXBTC15M-26OCT010945-45,83473.44,83905.84,8.98,0.9860,0.9870,0.9865,236.0
2026-10-01 08:39:13.609,1790861953.608927,1790861952.675319,KXBTC15M-26OCT010945-45,83473.44,83905.84,8.98,0.9880,0.9890,0.9885,277.3
2026-10-01 08:39:14.130,1790861954.130666,1790861953.880852,KXBTC15M-26OCT010945-45,83473.44,83895.31,-10.53,0.9880,0.9890,0.9885,266.8
2026-10-01 08:39:14.621,1790861954.621377,1790861954.586121,KXBTC15M-26OCT010945-45,83473.44,83897.40,-8.44,0.9880,0.9890,0.9885,233.5
2026-10-01 08:39:15.134,1790861955.133983,1790861954.879750,KXBTC15M-26OCT010945-45,83473.44,83881.60,-13.70,0.9880,0.9890,0.9885,260.1
2026-10-01 08:39:15.718,1790861955.717828,1790861955.483051,KXBTC15M-26OCT010945-45,83473.44,83881.60,-15.80,0.9880,0.9890,0.9885,313.6
2026-10-01 08:39:16.339,1790861956.338843,1790861956.286643,KXBTC15M-26OCT010945-45,83473.44,83887.16,5.55,0.9880,0.9890,0.9885,340.6
2026-10-01 08:39:16.855,1790861956.854754,1790861956.783503,KXBTC15M-26OCT010945-45,83473.44,83897.41,15.81,0.9890,0.9900,0.9895,243.5
2026-10-01 08:39:17.407,1790861957.407725,1790861957.181802,KXBTC15M-26OCT010945-45,83473.44,83904.17,17.00,0.9880,0.9900,0.9890,272.6
2026-10-01 08:39:17.905,1790861957.904883,1790861957.676282,KXBTC15M-26OCT010945-45,83473.44,83897.23,-0.17,0.9880,0.9890,0.9885,228.2
2026-10-01 08:39:18.440,1790861958.440643,1790861958.380187,KXBTC15M-26OCT010945-45,83473.44,83882.64,-21.53,0.9880,0.9890,0.9885,260.0
2026-10-01 08:39:19.012,1790861959.012330,1790861958.893514,KXBTC15M-26OCT010945-45,83473.44,83883.55,-13.68,0.9880,0.9890,0.9885,302.9
2026-10-01 08:39:19.595,1790861959.595621,1790861959.380122,KXBTC15M-26OCT010945-45,83473.44,83881.01,-1.62,0.9880,0.9890,0.9885,302.9
2026-10-01 08:39:20.140,1790861960.140187,1790861960.075808,KXBTC15M-26OCT010945-45,83473.44,83886.59,3.04,0.9880,0.9890,0.9885,268.3
2026-10-01 08:39:20.672,1790861960.672278,1790861960.583769,KXBTC15M-26OCT010945-45,83473.44,83888.22,7.21,0.9890,0.9900,0.9895,267.5
2026-10-01 08:39:21.247,1790861961.247271,1790861960.583769,KXBTC15M-26OCT010945-45,83473.44,83888.22,7.21,0.9900,0.9910,0.9905,307.3
2026-10-01 08:39:21.778,1790861961.778363,1790861961.527943,KXBTC15M-26OCT010945-45,83473.44,83899.07,12.48,0.9900,0.9910,0.9905,276.3
2026-10-01 08:39:22.702,1790861962.702819,1790861962.693450,KXBTC15M-26OCT010945-45,83473.44,83902.99,3.92,0.9900,0.9910,0.9905,665.8
2026-10-01 08:39:23.229,1790861963.229500,1790861963.179439,KXBTC15M-26OCT010945-45,83473.44,83899.05,-6.29,0.9890,0.9900,0.9895,270.9
2026-10-01 08:39:23.771,1790861963.771388,1790861963.480114,KXBTC15M-26OCT010945-45,83473.44,83897.01,-8.33,0.9900,0.9910,0.9905,287.5
2026-10-01 08:39:24.357,1790861964.355233,1790861964.180761,KXBTC15M-26OCT010945-45,83473.44,83900.93,1.88,0.9900,0.9910,0.9905,327.0
2026-10-01 08:39:24.935,1790861964.935377,1790861964.872289,KXBTC15M-26OCT010945-45,83473.44,83900.94,3.93,0.9900,0.9910,0.9905,313.4
2026-10-01 08:39:25.559,1790861965.559507,1790861965.425934,KXBTC15M-26OCT010945-45,83473.44,83900.93,-0.01,0.9900,0.9910,0.9905,363.7
2026-10-01 08:39:26.074,1790861966.074020,1790861965.988690,KXBTC15M-26OCT010945-45,83473.44,83900.93,-0.01,0.9900,0.9910,0.9905,255.3
2026-10-01 08:39:26.609,1790861966.608911,1790861966.595017,KXBTC15M-26OCT010945-45,83473.44,83900.93,0.00,0.9910,0.9920,0.9915,255.5
2026-10-01 08:39:27.210,1790861967.209851,1790861967.191660,KXBTC15M-26OCT010945-45,83473.44,83913.03,12.10,0.9920,0.9930,0.9925,320.5
2026-10-01 08:39:27.713,1790861967.713487,1790861967.191660,KXBTC15M-26OCT010945-45,83473.44,83913.03,12.10,0.9910,0.9920,0.9915,236.3
2026-10-01 08:39:28.337,1790861968.337192,1790861968.279450,KXBTC15M-26OCT010945-45,83473.44,83916.92,3.89,0.9910,0.9920,0.9915,353.9
2026-10-01 08:39:28.925,1790861968.925485,1790861968.780246,KXBTC15M-26OCT010945-45,83473.44,83916.93,1.88,0.9910,0.9920,0.9915,305.8
2026-10-01 08:39:29.504,1790861969.504495,1790861969.381042,KXBTC15M-26OCT010945-45,83473.44,83916.92,0.00,0.9910,0.9920,0.9915,316.6
2026-10-01 08:39:30.028,1790861970.028543,1790861969.985549,KXBTC15M-26OCT010945-45,83473.44,83915.14,-1.79,0.9930,0.9940,0.9935,269.1
2026-10-01 08:39:30.618,1790861970.618172,1790861970.475929,KXBTC15M-26OCT010945-45,83473.44,83918.33,1.41,0.9910,0.9920,0.9915,331.3
2026-10-01 08:39:31.153,1790861971.152867,1790861970.978572,KXBTC15M-26OCT010945-45,83473.44,83918.32,3.18,0.9910,0.9920,0.9915,270.8
2026-10-01 08:39:32.216,1790861972.216565,1790861972.184466,KXBTC15M-26OCT010945-45,83473.44,83943.38,25.06,0.9920,0.9930,0.9925,807.8
2026-10-01 08:39:32.745,1790861972.745252,1790861972.682778,KXBTC15M-26OCT010945-45,83473.44,83944.28,12.73,0.9920,0.9930,0.9925,270.4
2026-10-01 08:39:33.340,1790861973.340425,1790861972.980697,KXBTC15M-26OCT010945-45,83473.44,83942.02,-1.50,0.9920,0.9930,0.9925,337.9
2026-10-01 08:39:33.884,1790861973.884728,1790861972.980697,KXBTC15M-26OCT010945-45,83473.44,83942.02,-1.50,0.9920,0.9930,0.9925,266.4
2026-10-01 08:39:34.450,1790861974.450625,1790861974.375838,KXBTC15M-26OCT010945-45,83473.44,83944.49,2.47,0.9920,0.9930,0.9925,298.7
2026-10-01 08:39:35.122,1790861975.121956,1790861974.975423,KXBTC15M-26OCT010945-45,83473.44,83944.48,2.46,0.9930,0.9940,0.9935,404.0
2026-10-01 08:39:35.724,1790861975.724208,1790861975.709202,KXBTC15M-26OCT010945-45,83473.44,83905.92,-38.57,0.9910,0.9920,0.9915,332.2
2026-10-01 08:39:36.338,1790861976.338081,1790861976.272854,KXBTC15M-26OCT010945-45,83473.44,83893.96,-50.44,0.9900,0.9910,0.9905,347.9
2026-10-01 08:39:36.867,1790861976.867595,1790861976.272854,KXBTC15M-26OCT010945-45,83473.44,83893.96,-50.44,0.9900,0.9910,0.9905,263.2
2026-10-01 08:39:37.435,1790861977.435677,1790861977.273274,KXBTC15M-26OCT010945-45,83473.44,83881.00,-12.96,0.9900,0.9910,0.9905,304.6
2026-10-01 08:39:37.980,1790861977.980733,1790861977.592961,KXBTC15M-26OCT010945-45,83473.44,83870.59,-23.37,0.9900,0.9910,0.9905,268.7
2026-10-01 08:39:38.605,1790861978.605394,1790861978.178758,KXBTC15M-26OCT010945-45,83473.44,83872.68,-18.74,0.9900,0.9910,0.9905,363.3
2026-10-01 08:39:39.229,1790861979.229739,1790861978.178758,KXBTC15M-26OCT010945-45,83473.44,83872.68,-18.74,0.9900,0.9910,0.9905,357.9
2026-10-01 08:39:39.807,1790861979.807652,1790861979.679658,KXBTC15M-26OCT010945-45,83473.44,83864.40,-8.28,0.9900,0.9910,0.9905,324.1
2026-10-01 08:39:40.348,1790861980.348652,1790861979.679658,KXBTC15M-26OCT010945-45,83473.44,83864.40,-8.28,0.9900,0.9910,0.9905,286.1
2026-10-01 08:39:41.213,1790861981.213584,1790861981.186575,KXBTC15M-26OCT010945-45,83473.44,83840.45,-23.95,0.9900,0.9910,0.9905,609.5
2026-10-01 08:39:42.210,1790861982.210381,1790861981.887122,KXBTC15M-26OCT010945-45,83473.44,83845.88,-9.12,0.9900,0.9910,0.9905,739.9
2026-10-01 08:39:43.166,1790861983.166039,1790861983.079936,KXBTC15M-26OCT010945-45,83473.44,83853.33,7.45,0.9900,0.9910,0.9905,698.5
2026-10-01 08:39:44.476,1790861984.476556,1790861984.379935,KXBTC15M-26OCT010945-45,83473.44,83860.74,7.41,0.9900,0.9910,0.9905,1053.1
2026-10-01 08:39:45.604,1790861985.604281,1790861985.475723,KXBTC15M-26OCT010945-45,83473.44,83855.29,-5.45,0.9900,0.9910,0.9905,869.9
2026-10-01 08:39:46.736,1790861986.735922,1790861986.673838,KXBTC15M-26OCT010945-45,83473.44,83866.80,11.51,0.9900,0.9910,0.9905,873.1
2026-10-01 08:39:48.413,1790861988.413194,1790861988.275718,KXBTC15M-26OCT010945-45,83473.44,83878.38,8.91,0.9900,0.9910,0.9905,1418.8
2026-10-01 08:39:49.897,1790861989.896821,1790861989.776935,KXBTC15M-26OCT010945-45,83473.44,83872.59,1.70,0.9890,0.9900,0.9895,1214.6
2026-10-01 08:39:50.812,1790861990.812459,1790861990.683811,KXBTC15M-26OCT010945-45,83473.44,83864.71,3.31,0.9890,0.9900,0.9895,658.9
2026-10-01 08:39:51.393,1790861991.393526,1790861991.374805,KXBTC15M-26OCT010945-45,83473.44,83865.15,3.93,0.9890,0.9900,0.9895,323.6
2026-10-01 08:39:51.932,1790861991.931781,1790861991.475369,KXBTC15M-26OCT010945-45,83473.44,83866.05,4.83,0.9890,0.9900,0.9895,282.6
2026-10-01 08:39:52.527,1790861992.527664,1790861991.475369,KXBTC15M-26OCT010945-45,83473.44,83866.05,4.83,0.9880,0.9890,0.9885,339.0
2026-10-01 08:39:53.070,1790861993.070263,1790861992.875959,KXBTC15M-26OCT010945-45,83473.44,83866.30,0.25,0.9870,0.9880,0.9875,288.8
2026-10-01 08:39:53.678,1790861993.678294,1790861993.491358,KXBTC15M-26OCT010945-45,83473.44,83812.23,-53.82,0.9810,0.9820,0.9815,353.6
2026-10-01 08:39:54.236,1790861994.235890,1790861994.181471,KXBTC15M-26OCT010945-45,83473.44,83790.30,-76.00,0.9810,0.9820,0.9815,297.8
2026-10-01 08:39:54.766,1790861994.765890,1790861994.687033,KXBTC15M-26OCT010945-45,83473.44,83797.39,-14.84,0.9810,0.9820,0.9815,274.5
2026-10-01 08:39:55.313,1790861995.313513,1790861995.083200,KXBTC15M-26OCT010945-45,83473.44,83781.71,-26.33,0.9730,0.9740,0.9735,290.6
2026-10-01 08:39:55.869,1790861995.869417,1790861995.672159,KXBTC15M-26OCT010945-45,83473.44,83780.42,-17.74,0.9720,0.9730,0.9725,300.3
2026-10-01 08:39:56.459,1790861996.459489,1790861995.672159,KXBTC15M-26OCT010945-45,83473.44,83780.42,-17.74,0.9720,0.9730,0.9725,325.3
2026-10-01 08:39:57.115,1790861997.115282,1790861996.772595,KXBTC15M-26OCT010945-45,83473.44,83780.42,0.00,0.9720,0.9730,0.9725,400.2
2026-10-01 08:39:57.733,1790861997.732908,1790861997.691797,KXBTC15M-26OCT010945-45,83473.44,83780.42,0.00,0.9680,0.9690,0.9685,341.0
2026-10-01 08:39:58.304,1790861998.303915,1790861997.886410,KXBTC15M-26OCT010945-45,83473.44,83770.67,-9.75,0.9660,0.9670,0.9665,303.5
2026-10-01 08:39:58.881,1790861998.881151,1790861998.880158,KXBTC15M-26OCT010945-45,83473.44,83785.97,5.55,0.9730,0.9740,0.9735,311.6
2026-10-01 08:39:59.422,1790861999.421724,1790861998.880158,KXBTC15M-26OCT010945-45,83473.44,83785.97,5.55,0.9730,0.9740,0.9735,260.4
2026-10-01 08:39:59.968,1790861999.966892,1790861998.880158,KXBTC15M-26OCT010945-45,83473.44,83785.97,5.55,0.9710,0.9720,0.9715,265.7
2026-10-01 08:40:00.643,1790862000.642998,1790862000.618685,KXBTC15M-26OCT010945-45,83473.44,83773.22,-12.75,0.9720,0.9730,0.9725,409.1
2026-10-01 08:40:01.175,1790862001.175110,1790862000.780839,KXBTC15M-26OCT010945-45,83473.44,83770.67,-15.30,0.9700,0.9710,0.9705,267.3
2026-10-01 08:40:01.747,1790862001.747518,1790862001.575227,KXBTC15M-26OCT010945-45,83473.44,83762.98,-10.24,0.9700,0.9710,0.9705,310.9
2026-10-01 08:40:02.283,1790862002.283403,1790862001.974454,KXBTC15M-26OCT010945-45,83473.44,83780.30,9.63,0.9740,0.9750,0.9745,276.7
2026-10-01 08:40:02.795,1790862002.795240,1790862002.473365,KXBTC15M-26OCT010945-45,83473.44,83781.68,25.71,0.9760,0.9770,0.9765,251.1
2026-10-01 08:40:03.327,1790862003.326998,1790862002.974852,KXBTC15M-26OCT010945-45,83473.44,83793.07,12.77,0.9780,0.9790,0.9785,267.3
2026-10-01 08:40:03.859,1790862003.858980,1790862003.478189,KXBTC15M-26OCT010945-45,83473.44,83797.64,15.96,0.9790,0.9800,0.9795,273.9
2026-10-01 08:40:04.397,1790862004.397352,1790862004.286752,KXBTC15M-26OCT010945-45,83473.44,83776.80,-16.27,0.9730,0.9740,0.9735,273.1
2026-10-01 08:40:04.914,1790862004.914097,1790862004.782943,KXBTC15M-26OCT010945-45,83473.44,83766.38,-31.26,0.9720,0.9730,0.9725,250.8
2026-10-01 08:40:05.485,1790862005.484912,1790862005.187137,KXBTC15M-26OCT010945-45,83473.44,83766.38,-25.57,0.9720,0.9730,0.9725,309.1
2026-10-01 08:40:06.057,1790862006.056828,1790862005.975213,KXBTC15M-26OCT010945-45,83473.44,83755.00,-11.38,0.9720,0.9730,0.9725,315.2
2026-10-01 08:40:06.616,1790862006.616358,1790862006.573799,KXBTC15M-26OCT010945-45,83473.44,83755.00,-11.38,0.9720,0.9730,0.9725,259.4
2026-10-01 08:40:07.206,1790862007.205795,1790862006.880162,KXBTC15M-26OCT010945-45,83473.44,83745.54,-13.79,0.9700,0.9710,0.9705,302.4
2026-10-01 08:40:07.731,1790862007.730658,1790862007.679600,KXBTC15M-26OCT010945-45,83473.44,83741.68,-13.32,0.9660,0.9670,0.9665,269.5
2026-10-01 08:40:08.267,1790862008.266932,1790862007.983833,KXBTC15M-26OCT010945-45,83473.44,83757.09,11.55,0.9660,0.9670,0.9665,256.1
2026-10-01 08:40:08.835,1790862008.835051,1790862008.777426,KXBTC15M-26OCT010945-45,83473.44,83754.81,13.13,0.9680,0.9690,0.9685,296.8
2026-10-01 08:40:09.395,1790862009.395557,1790862009.290286,KXBTC15M-26OCT010945-45,83473.44,83750.14,-6.95,0.9680,0.9690,0.9685,290.3
2026-10-01 08:40:09.950,1790862009.950296,1790862009.882005,KXBTC15M-26OCT010945-45,83473.44,83749.86,-4.95,0.9680,0.9690,0.9685,280.5
2026-10-01 08:40:10.487,1790862010.486769,1790862010.485538,KXBTC15M-26OCT010945-45,83473.44,83744.00,-6.14,0.9660,0.9670,0.9665,253.3
2026-10-01 08:40:10.990,1790862010.990269,1790862010.873829,KXBTC15M-26OCT010945-45,83473.44,83742.45,-7.69,0.9660,0.9670,0.9665,247.0
2026-10-01 08:40:11.509,1790862011.509423,1790862011.379780,KXBTC15M-26OCT010945-45,83473.44,83738.49,-10.33,0.9660,0.9670,0.9665,256.8
2026-10-01 08:40:12.054,1790862012.054246,1790862011.379780,KXBTC15M-26OCT010945-45,83473.44,83738.49,-10.33,0.9660,0.9670,0.9665,290.0
2026-10-01 08:40:12.670,1790862012.669663,1790862012.388896,KXBTC15M-26OCT010945-45,83473.44,83757.90,19.41,0.9730,0.9740,0.9735,358.2
2026-10-01 08:40:13.179,1790862013.179557,1790862012.785927,KXBTC15M-26OCT010945-45,83473.44,83766.37,27.88,0.9670,0.9680,0.9675,247.5
2026-10-01 08:40:13.670,1790862013.670540,1790862013.379282,KXBTC15M-26OCT010945-45,83473.44,83747.77,-2.09,0.9620,0.9630,0.9625,234.6
2026-10-01 08:40:14.170,1790862014.170221,1790862013.379282,KXBTC15M-26OCT010945-45,83473.44,83747.77,-2.09,0.9690,0.9700,0.9695,234.1
2026-10-01 08:40:14.728,1790862014.727880,1790862014.584457,KXBTC15M-26OCT010945-45,83473.44,83760.91,13.14,0.9710,0.9720,0.9715,297.2
2026-10-01 08:40:15.266,1790862015.265999,1790862014.886031,KXBTC15M-26OCT010945-45,83473.44,83761.86,14.09,0.9700,0.9710,0.9705,274.3
2026-10-01 08:40:15.811,1790862015.811208,1790862015.695297,KXBTC15M-26OCT010945-45,83473.44,83749.44,-11.47,0.9720,0.9730,0.9725,279.5
2026-10-01 08:40:16.383,1790862016.383325,1790862015.695297,KXBTC15M-26OCT010945-45,83473.44,83749.44,-11.47,0.9730,0.9740,0.9735,287.7
2026-10-01 08:40:16.929,1790862016.929424,1790862016.678293,KXBTC15M-26OCT010945-45,83473.44,83758.69,-3.17,0.9730,0.9740,0.9735,259.3
2026-10-01 08:40:17.447,1790862017.447623,1790862017.081051,KXBTC15M-26OCT010945-45,83473.44,83758.68,9.24,0.9730,0.9740,0.9735,246.5
2026-10-01 08:40:17.953,1790862017.952724,1790862017.684786,KXBTC15M-26OCT010945-45,83473.44,83759.08,0.39,0.9750,0.9760,0.9755,230.9
2026-10-01 08:40:18.462,1790862018.462542,1790862018.279752,KXBTC15M-26OCT010945-45,83473.44,83766.38,7.70,0.9770,0.9780,0.9775,238.5
2026-10-01 08:40:18.983,1790862018.983236,1790862018.786501,KXBTC15M-26OCT010945-45,83473.44,83776.79,17.71,0.9720,0.9730,0.9725,251.6
2026-10-01 08:40:19.549,1790862019.549084,1790862019.484357,KXBTC15M-26OCT010945-45,83473.44,83758.48,-7.90,0.9720,0.9730,0.9725,301.7
2026-10-01 08:40:20.070,1790862020.069959,1790862019.585683,KXBTC15M-26OCT010945-45,83473.44,83754.58,-11.80,0.9690,0.9700,0.9695,251.0
2026-10-01 08:40:20.626,1790862020.626132,1790862020.580751,KXBTC15M-26OCT010945-45,83473.44,83745.54,-12.94,0.9690,0.9700,0.9695,293.3
2026-10-01 08:40:21.144,1790862021.144052,1790862021.077780,KXBTC15M-26OCT010945-45,83473.44,83731.01,-23.57,0.9660,0.9670,0.9665,258.1
2026-10-01 08:40:21.692,1790862021.691860,1790862021.175835,KXBTC15M-26OCT010945-45,83473.44,83732.88,-12.67,0.9670,0.9680,0.9675,290.3
2026-10-01 08:40:22.210,1790862022.210349,1790862022.201990,KXBTC15M-26OCT010945-45,83473.44,83732.86,-0.02,0.9670,0.9680,0.9675,262.7
2026-10-01 08:40:22.760,1790862022.760251,1790862022.502626,KXBTC15M-26OCT010945-45,83473.44,83734.97,2.09,0.9680,0.9690,0.9685,289.6
2026-10-01 08:40:23.332,1790862023.331631,1790862023.286134,KXBTC15M-26OCT010945-45,83473.44,83745.55,12.69,0.9710,0.9720,0.9715,305.3
2026-10-01 08:40:23.866,1790862023.865950,1790862023.774232,KXBTC15M-26OCT010945-45,83473.44,83739.99,5.02,0.9700,0.9710,0.9705,264.1
2026-10-01 08:40:24.427,1790862024.427564,1790862024.379992,KXBTC15M-26OCT010945-45,83473.44,83742.48,-3.07,0.9720,0.9730,0.9725,297.2
2026-10-01 08:40:25.007,1790862025.007014,1790862024.982626,KXBTC15M-26OCT010945-45,83473.44,83753.60,13.61,0.9740,0.9750,0.9745,319.4
2026-10-01 08:40:25.913,1790862025.913565,1790862025.691853,KXBTC15M-26OCT010945-45,83473.44,83755.95,16.24,0.9770,0.9780,0.9775,635.3
2026-10-01 08:40:26.459,1790862026.459157,1790862026.274719,KXBTC15M-26OCT010945-45,83473.44,83776.80,23.20,0.9790,0.9800,0.9795,240.9
2026-10-01 08:40:26.983,1790862026.983720,1790862026.274719,KXBTC15M-26OCT010945-45,83473.44,83776.80,23.20,0.9790,0.9800,0.9795,247.2
2026-10-01 08:40:27.511,1790862027.511700,1790862027.126661,KXBTC15M-26OCT010945-45,83473.44,83776.80,5.85,0.9790,0.9800,0.9795,262.0
2026-10-01 08:40:28.031,1790862028.031450,1790862027.875068,KXBTC15M-26OCT010945-45,83473.44,83786.22,9.42,0.9800,0.9810,0.9805,257.1
2026-10-01 08:40:28.578,1790862028.577636,1790862028.483937,KXBTC15M-26OCT010945-45,83473.44,83787.22,10.42,0.9810,0.9820,0.9815,281.5
2026-10-01 08:40:29.100,1790862029.100287,1790862028.875995,KXBTC15M-26OCT010945-45,83473.44,83797.63,11.41,0.9830,0.9840,0.9835,260.6
2026-10-01 08:40:29.617,1790862029.617119,1790862029.571726,KXBTC15M-26OCT010945-45,83473.44,83797.64,10.42,0.9830,0.9840,0.9835,262.6
2026-10-01 08:40:30.108,1790862030.108101,1790862030.089890,KXBTC15M-26OCT010945-45,83473.44,83808.05,10.42,0.9830,0.9840,0.9835,235.0
2026-10-01 08:40:30.717,1790862030.717550,1790862030.179980,KXBTC15M-26OCT010945-45,83473.44,83809.75,12.12,0.9830,0.9840,0.9835,348.1
2026-10-01 08:40:31.246,1790862031.245924,1790862030.975791,KXBTC15M-26OCT010945-45,83473.44,83808.95,0.90,0.9840,0.9850,0.9845,269.8
2026-10-01 08:40:31.742,1790862031.741917,1790862030.975791,KXBTC15M-26OCT010945-45,83473.44,83808.95,0.90,0.9870,0.9880,0.9875,241.4
2026-10-01 08:40:32.245,1790862032.245037,1790862032.074965,KXBTC15M-26OCT010945-45,83473.44,83835.83,26.88,0.9880,0.9890,0.9885,243.2
2026-10-01 08:40:32.775,1790862032.775362,1790862032.473172,KXBTC15M-26OCT010945-45,83473.44,83835.85,26.90,0.9880,0.9890,0.9885,272.0
2026-10-01 08:40:33.293,1790862033.293281,1790862033.173784,KXBTC15M-26OCT010945-45,83473.44,83844.28,8.45,0.9880,0.9890,0.9885,263.0
2026-10-01 08:40:33.811,1790862033.811659,1790862033.782779,KXBTC15M-26OCT010945-45,83473.44,83842.19,6.34,0.9890,0.9900,0.9895,263.2
2026-10-01 08:40:34.344,1790862034.344051,1790862034.284474,KXBTC15M-26OCT010945-45,83473.44,83853.98,9.70,0.9910,0.9920,0.9915,275.0
2026-10-01 08:40:34.913,1790862034.913613,1790862034.473669,KXBTC15M-26OCT010945-45,83473.44,83860.28,16.00,0.9910,0.9920,0.9915,312.0
2026-10-01 08:40:35.464,1790862035.463835,1790862035.383828,KXBTC15M-26OCT010945-45,83473.44,83848.42,-11.74,0.9910,0.9920,0.9915,291.6
2026-10-01 08:40:35.975,1790862035.974869,1790862035.876745,KXBTC15M-26OCT010945-45,83473.44,83850.50,-9.78,0.9910,0.9920,0.9915,254.6
2026-10-01 08:40:36.485,1790862036.485105,1790862036.378777,KXBTC15M-26OCT010945-45,83473.44,83850.46,-1.77,0.9900,0.9910,0.9905,256.6
2026-10-01 08:40:37.006,1790862037.006103,1790862036.975174,KXBTC15M-26OCT010945-45,83473.44,83849.33,-1.17,0.9900,0.9910,0.9905,267.2
2026-10-01 08:40:37.571,1790862037.571708,1790862037.473502,KXBTC15M-26OCT010945-45,83473.44,83860.32,9.86,0.9910,0.9920,0.9915,311.0
2026-10-01 08:40:38.047,1790862038.047014,1790862037.780349,KXBTC15M-26OCT010945-45,83473.44,83858.23,8.91,0.9910,0.9920,0.9915,219.1
2026-10-01 08:40:38.553,1790862038.553110,1790862038.094850,KXBTC15M-26OCT010945-45,83473.44,83845.01,-4.32,0.9900,0.9910,0.9905,250.1
2026-10-01 08:40:39.083,1790862039.082778,1790862038.787463,KXBTC15M-26OCT010945-45,83473.44,83839.32,-18.91,0.9900,0.9910,0.9905,269.2
2026-10-01 08:40:39.704,1790862039.704564,1790862039.574330,KXBTC15M-26OCT010945-45,83473.44,83837.76,-7.25,0.9900,0.9910,0.9905,367.4
2026-10-01 08:40:40.238,1790862040.238389,1790862039.574330,KXBTC15M-26OCT010945-45,83473.44,83837.76,-7.25,0.9900,0.9910,0.9905,276.2
2026-10-01 08:40:40.824,1790862040.824241,1790862040.274533,KXBTC15M-26OCT010945-45,83473.44,83837.75,-1.57,0.9900,0.9910,0.9905,326.2
2026-10-01 08:40:41.304,1790862041.303915,1790862041.285903,KXBTC15M-26OCT010945-45,83473.44,83835.22,-2.53,0.9910,0.9920,0.9915,220.8
2026-10-01 08:40:41.808,1790862041.807842,1790862041.679709,KXBTC15M-26OCT010945-45,83473.44,83840.60,2.85,0.9900,0.9910,0.9905,250.1
2026-10-01 08:40:42.336,1790862042.336063,1790862042.286561,KXBTC15M-26OCT010945-45,83473.44,83830.94,-4.28,0.9890,0.9900,0.9895,273.7
2026-10-01 08:40:42.832,1790862042.831987,1790862042.674450,KXBTC15M-26OCT010945-45,83473.44,83834.96,-5.64,0.9890,0.9900,0.9895,242.6
2026-10-01 08:40:43.387,1790862043.387516,1790862043.386635,KXBTC15M-26OCT010945-45,83473.44,83833.17,2.23,0.9890,0.9900,0.9895,296.3
2026-10-01 08:40:43.950,1790862043.950586,1790862043.873873,KXBTC15M-26OCT010945-45,83473.44,83828.90,-6.06,0.9890,0.9900,0.9895,307.0
2026-10-01 08:40:44.555,1790862044.555133,1790862044.273876,KXBTC15M-26OCT010945-45,83473.44,83818.48,-16.48,0.9890,0.9900,0.9895,346.5
2026-10-01 08:40:45.101,1790862045.101214,1790862044.979885,KXBTC15M-26OCT010945-45,83473.44,83806.74,-22.16,0.9870,0.9880,0.9875,289.8
2026-10-01 08:40:45.616,1790862045.611684,1790862045.373579,KXBTC15M-26OCT010945-45,83473.44,83808.33,-10.15,0.9870,0.9880,0.9875,253.3
2026-10-01 08:40:46.250,1790862046.250578,1790862045.677724,KXBTC15M-26OCT010945-45,83473.44,83817.69,9.63,0.9880,0.9890,0.9885,373.4
2026-10-01 08:40:46.852,1790862046.852034,1790862046.285083,KXBTC15M-26OCT010945-45,83473.44,83812.73,5.99,0.9880,0.9890,0.9885,334.4
2026-10-01 08:40:47.403,1790862047.403033,1790862047.393532,KXBTC15M-26OCT010945-45,83473.44,83806.73,-6.00,0.9880,0.9890,0.9885,284.7
2026-10-01 08:40:48.024,1790862048.024509,1790862047.393532,KXBTC15M-26OCT010945-45,83473.44,83806.73,-6.00,0.9880,0.9890,0.9885,350.7
2026-10-01 08:40:48.574,1790862048.573898,1790862048.318013,KXBTC15M-26OCT010945-45,83473.44,83808.08,-4.65,0.9880,0.9890,0.9885,261.1
2026-10-01 08:40:49.099,1790862049.099319,1790862048.592796,KXBTC15M-26OCT010945-45,83473.44,83809.07,2.34,0.9880,0.9890,0.9885,252.6
2026-10-01 08:40:49.671,1790862049.671402,1790862049.577576,KXBTC15M-26OCT010945-45,83473.44,83820.65,12.57,0.9890,0.9900,0.9895,287.1
2026-10-01 08:40:50.183,1790862050.183563,1790862050.090184,KXBTC15M-26OCT010945-45,83473.44,83806.74,-2.33,0.9890,0.9900,0.9895,252.2
2026-10-01 08:40:50.767,1790862050.767526,1790862050.483795,KXBTC15M-26OCT010945-45,83473.44,83809.08,0.00,0.9890,0.9900,0.9895,296.7
2026-10-01 08:40:51.299,1790862051.299772,1790862051.047544,KXBTC15M-26OCT010945-45,83473.44,83809.08,2.35,0.9890,0.9900,0.9895,246.3
2026-10-01 08:40:51.811,1790862051.811413,1790862051.786339,KXBTC15M-26OCT010945-45,83473.44,83815.54,6.46,0.9890,0.9900,0.9895,248.8
2026-10-01 08:40:52.435,1790862052.435533,1790862052.382095,KXBTC15M-26OCT010945-45,83473.44,83828.39,19.31,0.9900,0.9910,0.9905,368.7
2026-10-01 08:40:52.964,1790862052.964317,1790862052.897716,KXBTC15M-26OCT010945-45,83473.44,83809.07,-6.47,0.9850,0.9860,0.9855,270.6
2026-10-01 08:40:53.488,1790862053.488220,1790862053.280608,KXBTC15M-26OCT010945-45,83473.44,83787.22,-35.71,0.9810,0.9820,0.9815,266.9
2026-10-01 08:40:53.995,1790862053.995470,1790862053.280608,KXBTC15M-26OCT010945-45,83473.44,83787.22,-35.71,0.9850,0.9860,0.9855,243.5
2026-10-01 08:40:54.504,1790862054.504481,1790862054.280414,KXBTC15M-26OCT010945-45,83473.44,83781.06,-16.58,0.9850,0.9860,0.9855,249.4
2026-10-01 08:40:55.026,1790862055.025885,1790862054.280414,KXBTC15M-26OCT010945-45,83473.44,83781.06,-16.58,0.9810,0.9820,0.9815,255.2
2026-10-01 08:40:55.551,1790862055.550959,1790862055.481363,KXBTC15M-26OCT010945-45,83473.44,83766.38,-14.68,0.9850,0.9860,0.9855,250.3
2026-10-01 08:40:56.089,1790862056.089439,1790862055.877843,KXBTC15M-26OCT010945-45,83473.44,83766.38,-14.68,0.9850,0.9860,0.9855,269.3
2026-10-01 08:40:56.624,1790862056.624233,1790862056.584134,KXBTC15M-26OCT010945-45,83473.44,83759.44,-6.94,0.9850,0.9860,0.9855,263.4
2026-10-01 08:40:57.152,1790862057.152665,1790862056.786524,KXBTC15M-26OCT010945-45,83473.44,83761.52,-4.86,0.9850,0.9860,0.9855,255.9
2026-10-01 08:40:57.671,1790862057.671141,1790862057.382744,KXBTC15M-26OCT010945-45,83473.44,83756.15,0.19,0.9850,0.9860,0.9855,232.6
2026-10-01 08:40:58.221,1790862058.221388,1790862057.903137,KXBTC15M-26OCT010945-45,83473.44,83756.11,-5.41,0.9850,0.9860,0.9855,288.0
2026-10-01 08:40:58.721,1790862058.720916,1790862058.592956,KXBTC15M-26OCT010945-45,83473.44,83756.11,-0.04,0.9850,0.9860,0.9855,221.7
2026-10-01 08:40:59.308,1790862059.308368,1790862059.283298,KXBTC15M-26OCT010945-45,83473.44,83763.21,7.10,0.9820,0.9830,0.9825,303.3
2026-10-01 08:40:59.818,1790862059.818732,1790862059.283298,KXBTC15M-26OCT010945-45,83473.44,83763.21,7.10,0.9820,0.9830,0.9825,238.8
2026-10-01 08:41:00.309,1790862060.308824,1790862059.975058,KXBTC15M-26OCT010945-45,83473.44,83763.20,7.09,0.9820,0.9830,0.9825,234.3
2026-10-01 08:41:00.784,1790862060.784644,1790862060.483290,KXBTC15M-26OCT010945-45,83473.44,83769.97,6.76,0.9850,0.9860,0.9855,221.1
2026-10-01 08:41:01.307,1790862061.307687,1790862060.974360,KXBTC15M-26OCT010945-45,83473.44,83776.80,13.59,0.9870,0.9880,0.9875,268.6
2026-10-01 08:41:01.815,1790862061.815219,1790862060.974360,KXBTC15M-26OCT010945-45,83473.44,83776.80,13.59,0.9870,0.9880,0.9875,251.0
2026-10-01 08:41:02.374,1790862062.373924,1790862062.082686,KXBTC15M-26OCT010945-45,83473.44,83751.66,-25.14,0.9810,0.9820,0.9815,303.8
2026-10-01 08:41:02.904,1790862062.904421,1790862062.082686,KXBTC15M-26OCT010945-45,83473.44,83751.66,-25.14,0.9810,0.9820,0.9815,276.7
2026-10-01 08:41:03.411,1790862063.411333,1790862063.285029,KXBTC15M-26OCT010945-45,83473.44,83742.73,-8.93,0.9810,0.9820,0.9815,230.3
2026-10-01 08:41:03.951,1790862063.950818,1790862063.773941,KXBTC15M-26OCT010945-45,83473.44,83750.01,-1.65,0.9810,0.9820,0.9815,281.6
2026-10-01 08:41:04.528,1790862064.527863,1790862064.484726,KXBTC15M-26OCT010945-45,83473.44,83750.02,7.29,0.9810,0.9820,0.9815,310.6
2026-10-01 08:41:05.112,1790862065.112133,1790862065.088196,KXBTC15M-26OCT010945-45,83473.44,83765.24,15.23,0.9820,0.9830,0.9825,293.7
2026-10-01 08:41:05.630,1790862065.630723,1790862065.088196,KXBTC15M-26OCT010945-45,83473.44,83765.24,15.23,0.9830,0.9840,0.9835,241.4
2026-10-01 08:41:06.227,1790862066.226953,1790862066.082666,KXBTC15M-26OCT010945-45,83473.44,83765.24,6.16,0.9830,0.9850,0.9840,313.0
2026-10-01 08:41:06.787,1790862066.786942,1790862066.691098,KXBTC15M-26OCT010945-45,83473.44,83764.23,-1.01,0.9850,0.9860,0.9855,278.4
2026-10-01 08:41:07.367,1790862067.367103,1790862067.193760,KXBTC15M-26OCT010945-45,83473.44,83776.78,11.54,0.9860,0.9870,0.9865,304.6
2026-10-01 08:41:07.930,1790862067.930640,1790862067.193760,KXBTC15M-26OCT010945-45,83473.44,83776.78,11.54,0.9860,0.9870,0.9865,283.7
2026-10-01 08:41:08.463,1790862068.463438,1790862068.389397,KXBTC15M-26OCT010945-45,83473.44,83770.60,-6.18,0.9860,0.9870,0.9865,267.3
2026-10-01 08:41:08.981,1790862068.980808,1790862068.780693,KXBTC15M-26OCT010945-45,83473.44,83776.80,0.02,0.9880,0.9890,0.9885,262.5
2026-10-01 08:41:09.513,1790862069.513343,1790862068.985221,KXBTC15M-26OCT010945-45,83473.44,83785.58,8.80,0.9820,0.9830,0.9825,261.8
2026-10-01 08:41:10.189,1790862070.189281,1790862070.187571,KXBTC15M-26OCT010945-45,83473.44,83793.98,8.40,0.9820,0.9830,0.9825,418.2
2026-10-01 08:41:10.706,1790862070.706413,1790862070.583616,KXBTC15M-26OCT010945-45,83473.44,83793.99,6.78,0.9820,0.9830,0.9825,254.5
2026-10-01 08:41:11.193,1790862071.193401,1790862070.983138,KXBTC15M-26OCT010945-45,83473.44,83797.64,10.43,0.9820,0.9830,0.9825,231.5
2026-10-01 08:41:11.696,1790862071.696098,1790862071.381730,KXBTC15M-26OCT010945-45,83473.44,83803.54,9.56,0.9850,0.9860,0.9855,245.1
2026-10-01 08:41:12.225,1790862072.225464,1790862071.381730,KXBTC15M-26OCT010945-45,83473.44,83803.54,9.56,0.9850,0.9860,0.9855,267.3
2026-10-01 08:41:12.791,1790862072.791467,1790862071.381730,KXBTC15M-26OCT010945-45,83473.44,83803.54,9.56,0.9890,0.9900,0.9895,285.5
2026-10-01 08:41:13.429,1790862073.429245,1790862073.408424,KXBTC15M-26OCT010945-45,83473.44,83813.21,9.67,0.9890,0.9900,0.9895,380.8
2026-10-01 08:41:13.967,1790862073.967200,1790862073.677112,KXBTC15M-26OCT010945-45,83473.44,83814.35,10.81,0.9920,0.9930,0.9925,241.4
2026-10-01 08:41:14.516,1790862074.516290,1790862074.109983,KXBTC15M-26OCT010945-45,83473.44,83839.07,32.11,0.9920,0.9930,0.9925,291.3
2026-10-01 08:41:15.068,1790862075.068505,1790862074.982501,KXBTC15M-26OCT010945-45,83473.44,83839.34,24.99,0.9910,0.9920,0.9915,287.0
2026-10-01 08:41:15.718,1790862075.718523,1790862075.690078,KXBTC15M-26OCT010945-45,83473.44,83860.16,20.84,0.9920,0.9930,0.9925,390.1
2026-10-01 08:41:16.243,1790862076.243093,1790862076.087823,KXBTC15M-26OCT010945-45,83473.44,83828.30,-11.04,0.9920,0.9930,0.9925,239.0
2026-10-01 08:41:16.746,1790862076.746160,1790862076.575499,KXBTC15M-26OCT010945-45,83473.44,83826.50,-23.24,0.9900,0.9910,0.9905,230.8
2026-10-01 08:41:17.261,1790862077.261703,1790862076.928143,KXBTC15M-26OCT010945-45,83473.44,83826.50,-24.24,0.9910,0.9920,0.9915,252.1
2026-10-01 08:41:17.766,1790862077.766628,1790862077.491973,KXBTC15M-26OCT010945-45,83473.44,83827.05,-1.25,0.9910,0.9920,0.9915,247.8
2026-10-01 08:41:18.289,1790862078.289457,1790862078.178949,KXBTC15M-26OCT010945-45,83473.44,83818.80,-7.70,0.9900,0.9910,0.9905,266.9
2026-10-01 08:41:18.786,1790862078.785809,1790862078.684305,KXBTC15M-26OCT010945-45,83473.44,83837.25,10.20,0.9930,0.9940,0.9935,240.7
2026-10-01 08:41:19.260,1790862079.259930,1790862078.684305,KXBTC15M-26OCT010945-45,83473.44,83837.25,10.20,0.9930,0.9940,0.9935,216.7
2026-10-01 08:41:19.765,1790862079.765269,1790862079.273752,KXBTC15M-26OCT010945-45,83473.44,83837.06,18.26,0.9920,0.9930,0.9925,242.9
2026-10-01 08:41:20.263,1790862080.263081,1790862079.273752,KXBTC15M-26OCT010945-45,83473.44,83837.06,18.26,0.9920,0.9940,0.9930,231.4
2026-10-01 08:41:20.792,1790862080.792358,1790862080.579010,KXBTC15M-26OCT010945-45,83473.44,83835.47,-1.59,0.9920,0.9930,0.9925,267.3
2026-10-01 08:41:21.338,1790862081.338822,1790862080.579010,KXBTC15M-26OCT010945-45,83473.44,83835.47,-1.59,0.9930,0.9940,0.9935,281.2
2026-10-01 08:41:21.856,1790862081.856109,1790862081.777018,KXBTC15M-26OCT010945-45,83473.44,83834.70,-0.77,0.9920,0.9930,0.9925,263.3
2026-10-01 08:41:22.374,1790862082.374562,1790862082.178882,KXBTC15M-26OCT010945-45,83473.44,83834.71,-0.76,0.9920,0.9930,0.9925,259.2
2026-10-01 08:41:22.908,1790862082.908182,1790862082.886263,KXBTC15M-26OCT010945-45,83473.44,83839.31,4.61,0.9910,0.9920,0.9915,278.5
2026-10-01 08:41:23.491,1790862083.491385,1790862083.186411,KXBTC15M-26OCT010945-45,83473.44,83860.12,25.41,0.9910,0.9920,0.9915,322.3
2026-10-01 08:41:24.059,1790862084.058792,1790862083.878302,KXBTC15M-26OCT010945-45,83473.44,83867.25,32.54,0.9920,0.9930,0.9925,310.2
2026-10-01 08:41:24.542,1790862084.542030,1790862084.072942,KXBTC15M-26OCT010945-45,83473.44,83870.58,31.27,0.9920,0.9930,0.9925,228.8
2026-10-01 08:41:25.051,1790862085.051549,1790862084.576010,KXBTC15M-26OCT010945-45,83473.44,83881.00,20.88,0.9920,0.9930,0.9925,251.8
2026-10-01 08:41:25.567,1790862085.567122,1790862085.481218,KXBTC15M-26OCT010945-45,83473.44,83859.42,-11.16,0.9900,0.9910,0.9905,262.3
2026-10-01 08:41:26.092,1790862086.092724,1790862085.873442,KXBTC15M-26OCT010945-45,83473.44,83872.63,-8.37,0.9900,0.9910,0.9905,265.5
2026-10-01 08:41:26.576,1790862086.575755,1790862085.873442,KXBTC15M-26OCT010945-45,83473.44,83872.63,-8.37,0.9900,0.9910,0.9905,229.0
2026-10-01 08:41:27.091,1790862087.091624,1790862086.973677,KXBTC15M-26OCT010945-45,83473.44,83875.73,3.10,0.9900,0.9910,0.9905,258.5
2026-10-01 08:41:27.617,1790862087.617184,1790862087.475669,KXBTC15M-26OCT010945-45,83473.44,83878.01,5.38,0.9900,0.9910,0.9905,271.2
2026-10-01 08:41:28.126,1790862088.125981,1790862087.977859,KXBTC15M-26OCT010945-45,83473.44,83876.76,1.03,0.9900,0.9910,0.9905,251.0
2026-10-01 08:41:28.615,1790862088.615294,1790862087.977859,KXBTC15M-26OCT010945-45,83473.44,83876.76,1.03,0.9900,0.9910,0.9905,235.7
2026-10-01 08:41:29.116,1790862089.116304,1790862087.977859,KXBTC15M-26OCT010945-45,83473.44,83876.76,1.03,0.9900,0.9910,0.9905,243.1
2026-10-01 08:41:29.645,1790862089.645738,1790862089.374772,KXBTC15M-26OCT010945-45,83473.44,83863.26,-13.50,0.9920,0.9930,0.9925,262.3
2026-10-01 08:41:30.128,1790862090.128123,1790862090.085844,KXBTC15M-26OCT010945-45,83473.44,83876.82,0.06,0.9920,0.9930,0.9925,227.8
2026-10-01 08:41:30.625,1790862090.625573,1790862090.473671,KXBTC15M-26OCT010945-45,83473.44,83879.92,16.66,0.9920,0.9930,0.9925,243.7
2026-10-01 08:41:31.118,1790862091.118649,1790862090.973508,KXBTC15M-26OCT010945-45,83473.44,83881.69,10.17,0.9920,0.9930,0.9925,235.0
2026-10-01 08:41:31.611,1790862091.611835,1790862090.973508,KXBTC15M-26OCT010945-45,83473.44,83881.69,10.17,0.9920,0.9930,0.9925,232.9
2026-10-01 08:41:32.143,1790862092.143720,1790862091.880169,KXBTC15M-26OCT010945-45,83473.44,83880.40,0.48,0.9920,0.9930,0.9925,278.4
2026-10-01 08:41:32.618,1790862092.617991,1790862092.186209,KXBTC15M-26OCT010945-45,83473.44,83885.70,4.01,0.9930,0.9940,0.9935,219.9
2026-10-01 08:41:33.188,1790862093.188660,1790862092.973144,KXBTC15M-26OCT010945-45,83473.44,83900.12,19.72,0.9940,0.9950,0.9945,309.4
2026-10-01 08:41:33.686,1790862093.686352,1790862093.672933,KXBTC15M-26OCT010945-45,83473.44,83890.61,4.91,0.9940,0.9950,0.9945,241.0
2026-10-01 08:41:34.188,1790862094.188687,1790862094.082425,KXBTC15M-26OCT010945-45,83473.44,83888.02,-12.10,0.9940,0.9950,0.9945,247.4
2026-10-01 08:41:34.679,1790862094.679716,1790862094.575611,KXBTC15M-26OCT010945-45,83473.44,83888.02,-4.94,0.9940,0.9950,0.9945,236.6
2026-10-01 08:41:35.180,1790862095.179921,1790862094.918985,KXBTC15M-26OCT010945-45,83473.44,83886.33,-1.69,0.9940,0.9950,0.9945,244.0
2026-10-01 08:41:35.708,1790862095.707795,1790862095.382723,KXBTC15M-26OCT010945-45,83473.44,83890.99,2.97,0.9940,0.9950,0.9945,271.3
2026-10-01 08:41:36.241,1790862096.240933,1790862096.173771,KXBTC15M-26OCT010945-45,83473.44,83894.91,8.58,0.9940,0.9950,0.9945,277.8
2026-10-01 08:41:36.701,1790862096.700886,1790862096.483026,KXBTC15M-26OCT010945-45,83473.44,83893.62,2.63,0.9940,0.9950,0.9945,200.4
2026-10-01 08:41:37.192,1790862097.191808,1790862096.483026,KXBTC15M-26OCT010945-45,83473.44,83893.62,2.63,0.9940,0.9950,0.9945,230.2
2026-10-01 08:41:37.704,1790862097.704478,1790862097.376730,KXBTC15M-26OCT010945-45,83473.44,83897.83,4.83,0.9940,0.9950,0.9945,251.7
2026-10-01 08:41:38.225,1790862098.225215,1790862097.788930,KXBTC15M-26OCT010945-45,83473.44,83891.54,-2.08,0.9940,0.9950,0.9945,250.7
2026-10-01 08:41:38.722,1790862098.722121,1790862098.489643,KXBTC15M-26OCT010945-45,83473.44,83896.38,-1.45,0.9940,0.9950,0.9945,229.2
2026-10-01 08:41:39.309,1790862099.309778,1790862098.489643,KXBTC15M-26OCT010945-45,83473.44,83896.38,-1.45,0.9950,0.9960,0.9955,312.3
2026-10-01 08:41:39.892,1790862099.892056,1790862099.581452,KXBTC15M-26OCT010945-45,83473.44,83899.06,2.68,0.9930,0.9960,0.9945,287.4
2026-10-01 08:41:40.411,1790862100.410965,1790862099.986080,KXBTC15M-26OCT010945-45,83473.44,83899.07,2.69,0.9940,0.9950,0.9945,251.3
2026-10-01 08:41:40.937,1790862100.937747,1790862100.681288,KXBTC15M-26OCT010945-45,83473.44,83893.10,-5.96,0.9940,0.9950,0.9945,263.7
2026-10-01 08:41:41.471,1790862101.470954,1790862101.079624,KXBTC15M-26OCT010945-45,83473.44,83880.00,-19.07,0.9950,0.9960,0.9955,268.5
2026-10-01 08:41:41.982,1790862101.982191,1790862101.875474,KXBTC15M-26OCT010945-45,83473.44,83870.93,-22.17,0.9950,0.9960,0.9955,230.5
2026-10-01 08:41:42.475,1790862102.475469,1790862102.385396,KXBTC15M-26OCT010945-45,83473.44,83870.58,-9.42,0.9950,0.9960,0.9955,239.6
2026-10-01 08:41:42.959,1790862102.959261,1790862102.385396,KXBTC15M-26OCT010945-45,83473.44,83870.58,-9.42,0.9950,0.9960,0.9955,228.7
2026-10-01 08:41:43.463,1790862103.463373,1790862103.107160,KXBTC15M-26OCT010945-45,83473.44,83865.00,-5.93,0.9950,0.9960,0.9955,249.7
