local_ts,ticker,direction,coinbase_event_ts,btc_at_event,btc_move_1s,yes_mid_start,lag_1c_ms,lag_2c_ms,lag_5c_ms,observed_s
2026-10-01 08:37:06.718,KXBTC15M-26OCT010945-45,DOWN,1790861821.581454,83651.76,-10.42,0.8550,,,,5.127
2026-10-01 08:37:09.434,KXBTC15M-26OCT010945-45,DOWN,1790861823.988568,83630.92,-10.42,0.8550,,,,5.442
2026-10-01 08:37:11.983,KXBTC15M-26OCT010945-45,UP,1790861826.693798,83647.01,5.66,0.8650,1127.5367736816406,1127.5367736816406,,5.284
2026-10-01 08:37:13.001,KXBTC15M-26OCT010945-45,UP,1790861827.584803,83651.75,10.33,0.8850,,,,5.410
2026-10-01 08:37:13.504,KXBTC15M-26OCT010945-45,UP,1790861828.480721,83654.75,5.76,0.8850,,,,5.019
2026-10-01 08:37:15.583,KXBTC15M-26OCT010945-45,DOWN,1790861830.383252,83646.02,-8.73,0.8750,1007.8449249267578,2118.1397438049316,,5.196
2026-10-01 08:37:17.169,KXBTC15M-26OCT010945-45,DOWN,1790861831.783062,83637.21,-8.81,0.8650,718.329906463623,2265.4502391815186,,5.379
2026-10-01 08:37:18.280,KXBTC15M-26OCT010945-45,DOWN,1790861832.981431,83624.78,-12.43,0.8550,1067.0819282531738,,,5.294
2026-10-01 08:37:19.322,KXBTC15M-26OCT010945-45,DOWN,1790861833.872699,83620.52,-7.30,0.8450,,,,5.437
2026-10-01 08:37:21.398,KXBTC15M-26OCT010945-45,UP,1790861836.085827,83626.15,5.70,0.8550,565.579891204834,1076.1542320251465,,5.299
2026-10-01 08:37:21.402,KXBTC15M-26OCT010945-45,UP,1790861836.280848,83633.18,12.73,0.8750,2508.0490112304688,5103.888034820557,,5.104
2026-10-01 08:37:23.448,KXBTC15M-26OCT010945-45,UP,1790861838.082464,83645.60,12.42,0.8750,706.4323425292969,3302.2713661193848,,5.361
2026-10-01 08:37:26.493,KXBTC15M-26OCT010945-45,UP,1790861841.383336,83660.70,13.92,0.8950,2530.927896499634,3079.444169998169,,5.106
2026-10-01 08:37:27.510,KXBTC15M-26OCT010945-45,UP,1790861842.374859,83675.76,24.00,0.9045,2087.9204273223877,2087.9204273223877,,5.125
2026-10-01 08:37:29.138,KXBTC15M-26OCT010945-45,UP,1790861843.776107,83683.01,7.25,0.9105,686.6729259490967,3723.5145568847656,,5.325
2026-10-01 08:37:30.238,KXBTC15M-26OCT010945-45,UP,1790861844.691364,83714.27,36.13,0.9295,,,,5.533
2026-10-01 08:37:30.848,KXBTC15M-26OCT010945-45,UP,1790861845.617752,83724.68,10.40,0.9265,4606.231689453125,,,5.211
2026-10-01 08:37:32.420,KXBTC15M-26OCT010945-45,UP,1790861847.376111,83732.78,8.10,0.9305,,,,5.040
2026-10-01 08:37:36.659,KXBTC15M-26OCT010945-45,DOWN,1790861851.292509,83722.95,-6.98,0.9375,,,,5.362
2026-10-01 08:37:37.741,KXBTC15M-26OCT010945-45,UP,1790861852.288128,83727.40,14.34,0.9395,5434.464931488037,,,5.434
2026-10-01 08:37:38.318,KXBTC15M-26OCT010945-45,UP,1790861853.183205,83739.28,16.78,0.9435,,,,5.101
2026-10-01 08:37:39.944,KXBTC15M-26OCT010945-45,UP,1790861854.377626,83745.53,6.25,0.9455,,,,5.551
2026-10-01 08:37:43.962,KXBTC15M-26OCT010945-45,UP,1790861858.776723,83755.96,5.97,0.9495,3001.779317855835,,,5.167
2026-10-01 08:37:44.532,KXBTC15M-26OCT010945-45,UP,1790861859.381744,83766.38,16.39,0.9535,3502.213478088379,,,5.130
2026-10-01 08:37:47.292,KXBTC15M-26OCT010945-45,UP,1790861862.178472,83776.80,5.88,0.9625,,,,5.108
2026-10-01 08:37:48.334,KXBTC15M-26OCT010945-45,UP,1790861863.187448,83797.62,20.82,0.9675,,,,5.131
2026-10-01 08:37:49.914,KXBTC15M-26OCT010945-45,DOWN,1790861864.473290,83786.09,-11.53,0.9625,,,,5.437
2026-10-01 08:37:51.030,KXBTC15M-26OCT010945-45,UP,1790861865.990331,83806.52,16.90,0.9695,,,,5.034
2026-10-01 08:37:52.030,KXBTC15M-26OCT010945-45,UP,1790861866.777865,83822.83,25.19,0.9695,,,,5.248
2026-10-01 08:37:53.608,KXBTC15M-26OCT010945-45,DOWN,1790861868.076312,83802.70,-20.13,0.9645,,,,5.512
2026-10-01 08:37:55.258,KXBTC15M-26OCT010945-45,DOWN,1790861869.897767,83791.05,-14.71,0.9635,,,,5.346
2026-10-01 08:37:56.295,KXBTC15M-26OCT010945-45,UP,1790861871.179072,83805.26,14.21,0.9675,,,,5.097
2026-10-01 08:37:59.050,KXBTC15M-26OCT010945-45,DOWN,1790861873.581739,83787.23,-14.79,0.9625,,,,5.463
2026-10-01 08:37:59.612,KXBTC15M-26OCT010945-45,DOWN,1790861874.382911,83792.38,-5.76,0.9645,,,,5.217
2026-10-01 08:38:00.608,KXBTC15M-26OCT010945-45,UP,1790861875.287075,83816.99,24.61,0.9695,,,,5.317
2026-10-01 08:38:02.238,KXBTC15M-26OCT010945-45,UP,1790861876.881599,83843.75,18.45,0.9735,,,,5.352
2026-10-01 08:38:02.812,KXBTC15M-26OCT010945-45,DOWN,1790861877.575255,83830.43,-8.89,0.9695,,,,5.217
2026-10-01 08:38:03.881,KXBTC15M-26OCT010945-45,DOWN,1790861878.392878,83829.41,-14.34,0.9725,,,,5.484
2026-10-01 08:38:04.891,KXBTC15M-26OCT010945-45,UP,1790861879.885594,83840.83,11.42,0.9715,,,,5.000
2026-10-01 08:38:06.988,KXBTC15M-26OCT010945-45,UP,1790861881.589666,83860.16,10.42,0.9765,,,,5.393
2026-10-01 08:38:07.518,KXBTC15M-26OCT010945-45,UP,1790861882.488894,83870.05,13.59,0.9775,,,,5.024
2026-10-01 08:38:08.992,KXBTC15M-26OCT010945-45,UP,1790861883.495018,83875.48,5.43,0.9775,,,,5.482
2026-10-01 08:38:10.016,KXBTC15M-26OCT010945-45,UP,1790861884.779701,83880.99,5.51,0.9795,,,,5.233
2026-10-01 08:38:11.101,KXBTC15M-26OCT010945-45,UP,1790861885.876168,83888.72,7.73,0.9795,,,,5.220
2026-10-01 08:38:12.134,KXBTC15M-26OCT010945-45,DOWN,1790861886.682656,83878.99,-12.12,0.9785,,,,5.447
2026-10-01 08:38:13.157,KXBTC15M-26OCT010945-45,DOWN,1790861887.875310,83860.16,-18.83,0.9755,,,,5.275
2026-10-01 08:38:14.634,KXBTC15M-26OCT010945-45,DOWN,1790861889.480446,83843.06,-17.10,0.9805,,,,5.150
2026-10-01 08:38:15.734,KXBTC15M-26OCT010945-45,DOWN,1790861890.473886,83825.05,-24.69,0.9805,,,,5.255
2026-10-01 08:38:17.857,KXBTC15M-26OCT010945-45,DOWN,1790861892.082488,83820.41,-8.18,0.9775,,,,5.760
2026-10-01 08:38:18.422,KXBTC15M-26OCT010945-45,DOWN,1790861893.072442,83803.00,-17.40,0.9755,,,,5.336
2026-10-01 08:38:20.060,KXBTC15M-26OCT010945-45,UP,1790861894.575680,83805.91,6.83,0.9755,,,,5.481
2026-10-01 08:38:21.198,KXBTC15M-26OCT010945-45,DOWN,1790861895.681951,83795.21,-10.70,0.9755,,,,5.508
2026-10-01 08:38:25.330,KXBTC15M-26OCT010945-45,UP,1790861899.886177,83803.78,11.28,0.9725,,,,5.437
2026-10-01 08:38:26.364,KXBTC15M-26OCT010945-45,UP,1790861901.181562,83810.10,7.64,0.9735,,,,5.170
2026-10-01 08:38:28.114,KXBTC15M-26OCT010945-45,DOWN,1790861902.682417,83797.90,-12.20,0.9735,,,,5.416
2026-10-01 08:38:28.124,KXBTC15M-26OCT010945-45,DOWN,1790861902.682417,83797.90,-12.20,0.9745,,,,5.416
2026-10-01 08:38:29.691,KXBTC15M-26OCT010945-45,UP,1790861904.431643,83828.53,30.63,0.9785,,,,5.257
2026-10-01 08:38:30.774,KXBTC15M-26OCT010945-45,UP,1790861905.373141,83839.32,12.29,0.9795,,,,5.393
2026-10-01 08:38:33.369,KXBTC15M-26OCT010945-45,UP,1790861908.073468,83854.08,18.74,0.9795,,,,5.288
2026-10-01 08:38:34.425,KXBTC15M-26OCT010945-45,UP,1790861909.086427,83866.68,12.60,0.9815,,,,5.334
2026-10-01 08:38:37.085,KXBTC15M-26OCT010945-45,UP,1790861911.692519,83878.01,7.63,0.9835,,,,5.378
2026-10-01 08:38:37.595,KXBTC15M-26OCT010945-45,UP,1790861912.472726,83886.73,16.15,0.9835,,,,5.117
2026-10-01 08:38:39.296,KXBTC15M-26OCT010945-45,DOWN,1790861913.801183,83875.02,-11.71,0.9835,,,,5.491
2026-10-01 08:38:39.819,KXBTC15M-26OCT010945-45,DOWN,1790861914.694875,83863.90,-11.12,0.9825,,,,5.114
2026-10-01 08:38:41.406,KXBTC15M-26OCT010945-45,UP,1790861916.185256,83870.65,6.75,0.9835,,,,5.206
2026-10-01 08:38:42.884,KXBTC15M-26OCT010945-45,UP,1790861917.582027,83896.01,17.87,0.9835,,,,5.287
2026-10-01 08:38:42.888,KXBTC15M-26OCT010945-45,UP,1790861917.785032,83896.02,17.88,0.9855,,,,5.084
2026-10-01 08:38:45.514,KXBTC15M-26OCT010945-45,UP,1790861920.181251,83918.61,35.55,0.9855,,,,5.312
2026-10-01 08:38:46.542,KXBTC15M-26OCT010945-45,DOWN,1790861921.390262,83907.30,-11.31,0.9855,,,,5.139
2026-10-01 08:38:48.140,KXBTC15M-26OCT010945-45,DOWN,1790861922.679574,83901.00,-8.14,0.9855,,,,5.450
2026-10-01 08:38:49.204,KXBTC15M-26OCT010945-45,UP,1790861923.784464,83912.68,11.68,0.9855,,,,5.416
2026-10-01 08:38:50.703,KXBTC15M-26OCT010945-45,UP,1790861925.479563,83929.00,16.32,0.9855,,,,5.220
2026-10-01 08:38:51.711,KXBTC15M-26OCT010945-45,UP,1790861926.384512,83933.09,6.38,0.9865,,,,5.323
2026-10-01 08:38:52.720,KXBTC15M-26OCT010945-45,DOWN,1790861927.475959,83916.04,-17.05,0.9875,,,,5.240
2026-10-01 08:38:53.248,KXBTC15M-26OCT010945-45,DOWN,1790861928.191648,83914.03,-8.77,0.9885,,,,5.052
2026-10-01 08:38:54.815,KXBTC15M-26OCT010945-45,DOWN,1790861929.473591,83892.65,-21.38,0.9875,,,,5.328
2026-10-01 08:38:55.354,KXBTC15M-26OCT010945-45,DOWN,1790861930.177550,83888.44,-14.73,0.9875,,,,5.173
2026-10-01 08:38:56.906,KXBTC15M-26OCT010945-45,DOWN,1790861931.479978,83882.23,-6.21,0.9875,,,,5.406
2026-10-01 08:38:59.385,KXBTC15M-26OCT010945-45,DOWN,1790861933.975802,83870.59,-10.42,0.9865,,,,5.404
2026-10-01 08:39:00.928,KXBTC15M-26OCT010945-45,UP,1790861935.685966,83880.44,9.86,0.9855,,,,5.238
2026-10-01 08:39:00.931,KXBTC15M-26OCT010945-45,UP,1790861935.872841,83880.44,9.86,0.9855,,,,5.051
2026-10-01 08:39:07.110,KXBTC15M-26OCT010945-45,UP,1790861941.685424,83900.72,11.83,0.9865,,,,5.410
2026-10-01 08:39:09.363,KXBTC15M-26OCT010945-45,DOWN,1790861944.183263,83892.01,-7.69,0.9875,,,,5.163
2026-10-01 08:39:12.584,KXBTC15M-26OCT010945-45,UP,1790861947.478045,83919.33,20.73,0.9905,,,,5.086
2026-10-01 08:39:14.134,KXBTC15M-26OCT010945-45,DOWN,1790861949.079118,83900.25,-22.43,0.9875,,,,5.052
2026-10-01 08:39:15.731,KXBTC15M-26OCT010945-45,DOWN,1790861950.687825,83897.87,-5.29,0.9875,,,,5.030
2026-10-01 08:39:17.919,KXBTC15M-26OCT010945-45,UP,1790861952.675319,83905.84,8.98,0.9865,,,,5.230
2026-10-01 08:39:19.029,KXBTC15M-26OCT010945-45,DOWN,1790861953.880852,83895.31,-10.53,0.9885,,,,5.131
2026-10-01 08:39:20.143,KXBTC15M-26OCT010945-45,DOWN,1790861954.879750,83881.60,-13.70,0.9885,,,,5.260
2026-10-01 08:39:21.783,KXBTC15M-26OCT010945-45,UP,1790861956.286643,83887.16,5.55,0.9885,,,,5.492
2026-10-01 08:39:22.706,KXBTC15M-26OCT010945-45,UP,1790861957.181802,83904.17,17.00,0.9890,,,,5.521
2026-10-01 08:39:23.774,KXBTC15M-26OCT010945-45,DOWN,1790861958.380187,83882.64,-21.53,0.9885,,,,5.391
2026-10-01 08:39:26.087,KXBTC15M-26OCT010945-45,UP,1790861960.583769,83888.22,7.21,0.9895,,,,5.490
2026-10-01 08:39:26.623,KXBTC15M-26OCT010945-45,UP,1790861961.527943,83899.07,12.48,0.9905,,,,5.081
2026-10-01 08:39:28.351,KXBTC15M-26OCT010945-45,DOWN,1790861963.179439,83899.05,-6.29,0.9895,,,,5.158
2026-10-01 08:39:32.221,KXBTC15M-26OCT010945-45,UP,1790861967.191660,83913.03,12.10,0.9925,,,,5.025
2026-10-01 08:39:37.451,KXBTC15M-26OCT010945-45,UP,1790861972.184466,83943.38,25.06,0.9925,,,,5.251
2026-10-01 08:39:41.217,KXBTC15M-26OCT010945-45,DOWN,1790861975.709202,83905.92,-38.57,0.9915,,,,5.504
2026-10-01 08:39:42.214,KXBTC15M-26OCT010945-45,DOWN,1790861976.272854,83893.96,-50.44,0.9905,,,,5.938
2026-10-01 08:39:43.170,KXBTC15M-26OCT010945-45,DOWN,1790861977.592961,83870.59,-23.37,0.9905,,,,5.573
2026-10-01 08:39:44.481,KXBTC15M-26OCT010945-45,DOWN,1790861978.178758,83872.68,-18.74,0.9905,,,,6.298
2026-10-01 08:39:45.609,KXBTC15M-26OCT010945-45,DOWN,1790861979.679658,83864.40,-8.28,0.9905,,,,5.925
2026-10-01 08:39:48.428,KXBTC15M-26OCT010945-45,DOWN,1790861981.887122,83845.88,-9.12,0.9905,,,,6.526
2026-10-01 08:39:49.900,KXBTC15M-26OCT010945-45,UP,1790861984.379935,83860.74,7.41,0.9905,,,,5.517
2026-10-01 08:39:50.816,KXBTC15M-26OCT010945-45,DOWN,1790861985.475723,83855.29,-5.45,0.9905,,,,5.337
2026-10-01 08:39:51.935,KXBTC15M-26OCT010945-45,UP,1790861986.673838,83866.80,11.51,0.9905,,,,5.258
2026-10-01 08:39:53.683,KXBTC15M-26OCT010945-45,UP,1790861988.275718,83878.38,8.91,0.9905,,,,5.403
2026-10-01 08:39:58.895,KXBTC15M-26OCT010945-45,DOWN,1790861993.491358,83812.23,-53.82,0.9815,4241.5502071380615,,,5.390
2026-10-01 08:39:59.980,KXBTC15M-26OCT010945-45,DOWN,1790861994.687033,83797.39,-14.84,0.9815,3045.8755493164062,,,5.280
2026-10-01 08:40:01.181,KXBTC15M-26OCT010945-45,DOWN,1790861995.672159,83780.42,-17.74,0.9725,,,,5.503
2026-10-01 08:40:03.331,KXBTC15M-26OCT010945-45,DOWN,1790861997.886410,83770.67,-9.75,0.9665,,,,5.441
2026-10-01 08:40:04.405,KXBTC15M-26OCT010945-45,UP,1790861998.880158,83785.97,5.55,0.9735,,,,5.517
2026-10-01 08:40:06.076,KXBTC15M-26OCT010945-45,DOWN,1790862000.618685,83773.22,-12.75,0.9725,,,,5.438
2026-10-01 08:40:06.632,KXBTC15M-26OCT010945-45,DOWN,1790862001.575227,83762.98,-10.24,0.9705,,,,5.041
2026-10-01 08:40:07.746,KXBTC15M-26OCT010945-45,UP,1790862002.473365,83781.68,25.71,0.9765,,,,5.257
2026-10-01 08:40:08.842,KXBTC15M-26OCT010945-45,UP,1790862003.478189,83797.64,15.96,0.9795,,,,5.357
2026-10-01 08:40:09.966,KXBTC15M-26OCT010945-45,DOWN,1790862004.782943,83766.38,-31.26,0.9725,,,,5.167
2026-10-01 08:40:10.996,KXBTC15M-26OCT010945-45,DOWN,1790862005.975213,83755.00,-11.38,0.9725,,,,5.015
2026-10-01 08:40:12.058,KXBTC15M-26OCT010945-45,DOWN,1790862006.880162,83745.54,-13.79,0.9705,,,,5.174
2026-10-01 08:40:13.183,KXBTC15M-26OCT010945-45,UP,1790862007.983833,83757.09,11.55,0.9665,,,,5.196
2026-10-01 08:40:14.733,KXBTC15M-26OCT010945-45,DOWN,1790862009.290286,83750.14,-6.95,0.9685,,,,5.438
2026-10-01 08:40:15.830,KXBTC15M-26OCT010945-45,DOWN,1790862010.485538,83744.00,-6.14,0.9665,,,,5.326
2026-10-01 08:40:16.400,KXBTC15M-26OCT010945-45,DOWN,1790862011.379780,83738.49,-10.33,0.9665,,,,5.004
2026-10-01 08:40:17.462,KXBTC15M-26OCT010945-45,UP,1790862012.388896,83757.90,19.41,0.9735,,,,5.059
2026-10-01 08:40:20.075,KXBTC15M-26OCT010945-45,UP,1790862014.584457,83760.91,13.14,0.9715,,,,5.486
2026-10-01 08:40:21.148,KXBTC15M-26OCT010945-45,DOWN,1790862015.695297,83749.44,-11.47,0.9725,,,,5.449
2026-10-01 08:40:22.214,KXBTC15M-26OCT010945-45,UP,1790862017.081051,83758.68,9.24,0.9735,,,,5.129
2026-10-01 08:40:23.338,KXBTC15M-26OCT010945-45,UP,1790862018.279752,83766.38,7.70,0.9775,,,,5.052
2026-10-01 08:40:25.010,KXBTC15M-26OCT010945-45,DOWN,1790862019.484357,83758.48,-7.90,0.9725,,,,5.523
2026-10-01 08:40:25.939,KXBTC15M-26OCT010945-45,DOWN,1790862020.580751,83745.54,-12.94,0.9695,,,,5.333
2026-10-01 08:40:26.471,KXBTC15M-26OCT010945-45,DOWN,1790862021.175835,83732.88,-12.67,0.9675,,,,5.283
2026-10-01 08:40:28.585,KXBTC15M-26OCT010945-45,UP,1790862023.286134,83745.55,12.69,0.9715,5291.50128364563,,,5.292
2026-10-01 08:40:30.114,KXBTC15M-26OCT010945-45,UP,1790862024.982626,83753.60,13.61,0.9745,,,,5.125
2026-10-01 08:40:31.747,KXBTC15M-26OCT010945-45,UP,1790862026.274719,83776.80,23.20,0.9795,,,,5.467
2026-10-01 08:40:32.250,KXBTC15M-26OCT010945-45,UP,1790862027.126661,83776.80,5.85,0.9795,,,,5.118
2026-10-01 08:40:33.815,KXBTC15M-26OCT010945-45,UP,1790862028.483937,83787.22,10.42,0.9815,,,,5.328
2026-10-01 08:40:34.918,KXBTC15M-26OCT010945-45,UP,1790862029.571726,83797.64,10.42,0.9835,,,,5.342
2026-10-01 08:40:35.467,KXBTC15M-26OCT010945-45,UP,1790862030.179980,83809.75,12.12,0.9835,,,,5.284
2026-10-01 08:40:37.575,KXBTC15M-26OCT010945-45,UP,1790862032.074965,83835.83,26.88,0.9885,,,,5.497
2026-10-01 08:40:38.558,KXBTC15M-26OCT010945-45,UP,1790862033.173784,83844.28,8.45,0.9885,,,,5.379
2026-10-01 08:40:39.708,KXBTC15M-26OCT010945-45,UP,1790862034.284474,83853.98,9.70,0.9915,,,,5.420
2026-10-01 08:40:40.828,KXBTC15M-26OCT010945-45,DOWN,1790862035.383828,83848.42,-11.74,0.9915,,,,5.440
2026-10-01 08:40:42.837,KXBTC15M-26OCT010945-45,UP,1790862037.473502,83860.32,9.86,0.9915,,,,5.358
2026-10-01 08:40:43.954,KXBTC15M-26OCT010945-45,DOWN,1790862038.787463,83839.32,-18.91,0.9905,,,,5.163
2026-10-01 08:40:45.105,KXBTC15M-26OCT010945-45,DOWN,1790862039.574330,83837.76,-7.25,0.9905,,,,5.527
2026-10-01 08:40:48.042,KXBTC15M-26OCT010945-45,DOWN,1790862042.674450,83834.96,-5.64,0.9895,,,,5.350
2026-10-01 08:40:49.113,KXBTC15M-26OCT010945-45,DOWN,1790862043.873873,83828.90,-6.06,0.9895,,,,5.225
2026-10-01 08:40:50.203,KXBTC15M-26OCT010945-45,DOWN,1790862044.979885,83806.74,-22.16,0.9875,,,,5.204
2026-10-01 08:40:50.772,KXBTC15M-26OCT010945-45,UP,1790862045.677724,83817.69,9.63,0.9885,,,,5.090
2026-10-01 08:40:52.440,KXBTC15M-26OCT010945-45,DOWN,1790862047.393532,83806.73,-6.00,0.9885,,,,5.042
2026-10-01 08:40:55.042,KXBTC15M-26OCT010945-45,UP,1790862049.577576,83820.65,12.57,0.9895,,,,5.448
2026-10-01 08:40:57.170,KXBTC15M-26OCT010945-45,UP,1790862051.786339,83815.54,6.46,0.9895,,,,5.366
2026-10-01 08:40:58.239,KXBTC15M-26OCT010945-45,DOWN,1790862052.897716,83809.07,-6.47,0.9855,,,,5.324
2026-10-01 08:40:58.736,KXBTC15M-26OCT010945-45,DOWN,1790862053.280608,83787.22,-35.71,0.9855,,,,5.440
2026-10-01 08:40:59.311,KXBTC15M-26OCT010945-45,DOWN,1790862054.280414,83781.06,-16.58,0.9815,,,,5.028
2026-10-01 08:41:01.311,KXBTC15M-26OCT010945-45,DOWN,1790862055.877843,83766.38,-14.68,0.9855,,,,5.430
2026-10-01 08:41:02.917,KXBTC15M-26OCT010945-45,DOWN,1790862057.903137,83756.11,-5.41,0.9855,,,,5.001
2026-10-01 08:41:04.541,KXBTC15M-26OCT010945-45,UP,1790862059.283298,83763.21,7.10,0.9825,,,,5.245
2026-10-01 08:41:05.126,KXBTC15M-26OCT010945-45,UP,1790862059.975058,83763.20,7.09,0.9825,,,,5.137
2026-10-01 08:41:06.232,KXBTC15M-26OCT010945-45,UP,1790862060.974360,83776.80,13.59,0.9875,,,,5.253
2026-10-01 08:41:07.380,KXBTC15M-26OCT010945-45,DOWN,1790862062.082686,83751.66,-25.14,0.9815,,,,5.284
2026-10-01 08:41:09.517,KXBTC15M-26OCT010945-45,UP,1790862064.484726,83750.02,7.29,0.9815,,,,5.029
2026-10-01 08:41:10.198,KXBTC15M-26OCT010945-45,UP,1790862065.088196,83765.24,15.23,0.9835,,,,5.101
2026-10-01 08:41:12.237,KXBTC15M-26OCT010945-45,UP,1790862067.193760,83776.78,11.54,0.9865,,,,5.032
2026-10-01 08:41:13.455,KXBTC15M-26OCT010945-45,DOWN,1790862068.389397,83770.60,-6.18,0.9865,,,,5.040
2026-10-01 08:41:14.522,KXBTC15M-26OCT010945-45,UP,1790862068.985221,83785.58,8.80,0.9825,4981.97865486145,,,5.531
2026-10-01 08:41:15.731,KXBTC15M-26OCT010945-45,UP,1790862070.583616,83793.99,6.78,0.9825,3383.5835456848145,,,5.135
2026-10-01 08:41:16.752,KXBTC15M-26OCT010945-45,UP,1790862071.381730,83803.54,9.56,0.9855,,,,5.364
2026-10-01 08:41:18.790,KXBTC15M-26OCT010945-45,UP,1790862073.408424,83813.21,9.67,0.9895,,,,5.377
2026-10-01 08:41:19.268,KXBTC15M-26OCT010945-45,UP,1790862074.109983,83839.07,32.11,0.9925,,,,5.150
2026-10-01 08:41:20.799,KXBTC15M-26OCT010945-45,UP,1790862075.690078,83860.16,20.84,0.9925,,,,5.102
2026-10-01 08:41:21.861,KXBTC15M-26OCT010945-45,DOWN,1790862076.575499,83826.50,-23.24,0.9905,,,,5.281
2026-10-01 08:41:23.495,KXBTC15M-26OCT010945-45,DOWN,1790862078.178949,83818.80,-7.70,0.9905,,,,5.312
2026-10-01 08:41:24.546,KXBTC15M-26OCT010945-45,UP,1790862079.273752,83837.06,18.26,0.9925,,,,5.268
2026-10-01 08:41:28.618,KXBTC15M-26OCT010945-45,UP,1790862083.186411,83860.12,25.41,0.9915,,,,5.429
2026-10-01 08:41:29.129,KXBTC15M-26OCT010945-45,UP,1790862084.072942,83870.58,31.27,0.9925,,,,5.043
2026-10-01 08:41:30.630,KXBTC15M-26OCT010945-45,DOWN,1790862085.481218,83859.42,-11.16,0.9905,,,,5.144
2026-10-01 08:41:31.125,KXBTC15M-26OCT010945-45,DOWN,1790862085.873442,83872.63,-8.37,0.9905,,,,5.245
2026-10-01 08:41:32.621,KXBTC15M-26OCT010945-45,UP,1790862087.475669,83878.01,5.38,0.9905,,,,5.142
2026-10-01 08:41:34.683,KXBTC15M-26OCT010945-45,DOWN,1790862089.374772,83863.26,-13.50,0.9925,,,,5.305
2026-10-01 08:41:36.247,KXBTC15M-26OCT010945-45,UP,1790862090.973508,83881.69,10.17,0.9925,,,,5.267
2026-10-01 08:41:38.239,KXBTC15M-26OCT010945-45,UP,1790862092.973144,83900.12,19.72,0.9945,,,,5.252
2026-10-01 08:41:39.330,KXBTC15M-26OCT010945-45,DOWN,1790862094.082425,83888.02,-12.10,0.9945,,,,5.227
2026-10-01 08:41:41.497,KXBTC15M-26OCT010945-45,UP,1790862096.173771,83894.91,8.58,0.9945,,,,5.297
2026-10-01 08:41:46.113,KXBTC15M-26OCT010945-45,DOWN,1790862100.681288,83893.10,-5.96,0.9945,,,,5.429
2026-10-01 08:41:47.204,KXBTC15M-26OCT010945-45,DOWN,1790862101.875474,83870.93,-22.17,0.9955,,,,5.318
2026-10-01 08:41:48.280,KXBTC15M-26OCT010945-45,DOWN,1790862103.107160,83865.00,-5.93,0.9955,,,,5.160
2026-10-01 08:41:49.299,KXBTC15M-26OCT010945-45,DOWN,1790862104.077787,83860.16,-10.42,0.9945,,,,5.206
2026-10-01 08:41:50.866,KXBTC15M-26OCT010945-45,DOWN,1790862105.481300,83849.74,-10.42,0.9955,,,,5.382
2026-10-01 08:41:51.991,KXBTC15M-26OCT010945-45,DOWN,1790862106.379968,83839.32,-10.43,0.9955,,,,5.608
2026-10-01 08:41:53.021,KXBTC15M-26OCT010945-45,DOWN,1790862107.582760,83831.00,-8.32,0.9955,,,,5.436
2026-10-01 08:41:55.577,KXBTC15M-26OCT010945-45,DOWN,1790862110.184209,83818.92,-9.98,0.9955,,,,5.376
2026-10-01 08:41:58.789,KXBTC15M-26OCT010945-45,DOWN,1790862113.479167,83799.74,-18.74,0.9945,,,,5.306
2026-10-01 08:41:59.844,KXBTC15M-26OCT010945-45,DOWN,1790862114.383189,83800.80,-7.26,0.9945,,,,5.442
2026-10-01 08:42:00.852,KXBTC15M-26OCT010945-45,UP,1790862115.478461,83808.07,7.27,0.9945,,,,5.369
2026-10-01 08:42:01.439,KXBTC15M-26OCT010945-45,UP,1790862116.077972,83828.89,31.63,0.9955,,,,5.357
2026-10-01 08:42:06.776,KXBTC15M-26OCT010945-45,UP,1790862121.282094,83838.05,16.82,0.9975,,,,5.475
2026-10-01 08:42:08.368,KXBTC15M-26OCT010945-45,DOWN,1790862122.880468,83831.00,-18.74,0.9965,,,,5.460
2026-10-01 08:42:08.876,KXBTC15M-26OCT010945-45,DOWN,1790862123.780539,83822.87,-16.78,0.9965,,,,5.091
2026-10-01 08:42:10.912,KXBTC15M-26OCT010945-45,UP,1790862125.674156,83830.01,5.04,0.9965,,,,5.232
2026-10-01 08:42:11.991,KXBTC15M-26OCT010945-45,UP,1790862126.673274,83835.00,5.00,0.9965,,,,5.314
2026-10-01 08:42:12.997,KXBTC15M-26OCT010945-45,DOWN,1790862127.688387,83824.98,-10.02,0.9975,,,,5.303
2026-10-01 08:42:14.032,KXBTC15M-26OCT010945-45,DOWN,1790862128.684466,83810.54,-24.46,0.9975,,,,5.330
2026-10-01 08:42:14.969,KXBTC15M-26OCT010945-45,DOWN,1790862129.871557,83798.82,-11.72,0.9975,,,,5.094
2026-10-01 08:42:16.358,KXBTC15M-26OCT010945-45,UP,1790862130.891140,83810.40,11.58,0.9975,,,,5.463
2026-10-01 08:42:18.385,KXBTC15M-26OCT010945-45,UP,1790862133.275092,83824.95,16.79,0.9975,,,,5.105
2026-10-01 08:42:21.498,KXBTC15M-26OCT010945-45,DOWN,1790862136.172370,83811.01,-17.89,0.9975,,,,5.322
2026-10-01 08:42:22.483,KXBTC15M-26OCT010945-45,DOWN,1790862136.984072,83825.81,-6.86,0.9975,,,,5.496
2026-10-01 08:42:22.485,KXBTC15M-26OCT010945-45,DOWN,1790862136.984072,83825.81,-6.86,0.9975,,,,5.496
2026-10-01 08:42:24.497,KXBTC15M-26OCT010945-45,DOWN,1790862139.492171,83816.68,-10.13,0.9975,,,,5.002
2026-10-01 08:42:25.531,KXBTC15M-26OCT010945-45,DOWN,1790862140.481781,83806.19,-18.77,0.9975,,,,5.043
2026-10-01 08:42:27.074,KXBTC15M-26OCT010945-45,DOWN,1790862141.576494,83800.47,-5.72,0.9975,,,,5.487
2026-10-01 08:42:28.704,KXBTC15M-26OCT010945-45,UP,1790862143.282325,83807.73,7.26,0.9975,,,,5.420
2026-10-01 08:42:29.803,KXBTC15M-26OCT010945-45,UP,1790862144.572725,83813.73,6.00,0.9975,,,,5.211
2026-10-01 08:42:30.885,KXBTC15M-26OCT010945-45,UP,1790862145.377261,83823.31,15.58,0.9975,,,,5.492
2026-10-01 08:42:32.964,KXBTC15M-26OCT010945-45,DOWN,1790862147.580069,83802.24,-16.89,0.9975,,,,5.377
2026-10-01 08:42:33.469,KXBTC15M-26OCT010945-45,DOWN,1790862148.380646,83808.91,-10.22,0.9975,,,,5.082
2026-10-01 08:42:34.973,KXBTC15M-26OCT010945-45,UP,1790862149.591917,83824.57,15.66,0.9975,,,,5.361
2026-10-01 08:42:36.553,KXBTC15M-26OCT010945-45,DOWN,1790862151.272211,83806.02,-5.98,0.9975,,,,5.277
2026-10-01 08:42:41.391,KXBTC15M-26OCT010945-45,DOWN,1790862155.989197,83797.65,-7.73,0.9975,,,,5.399
2026-10-01 08:42:42.414,KXBTC15M-26OCT010945-45,UP,1790862157.382818,83804.06,6.41,0.9975,,,,5.027
2026-10-01 08:42:44.526,KXBTC15M-26OCT010945-45,DOWN,1790862159.371865,83803.89,-5.41,0.9975,,,,5.147
2026-10-01 08:42:46.782,KXBTC15M-26OCT010945-45,DOWN,1790862161.575774,83798.34,-10.76,0.9975,,,,5.171
2026-10-01 08:42:48.883,KXBTC15M-26OCT010945-45,DOWN,1790862163.692961,83787.77,-8.23,0.9975,,,,5.184
2026-10-01 08:42:50.600,KXBTC15M-26OCT010945-45,DOWN,1790862165.093920,83778.01,-9.76,0.9975,,,,5.501
2026-10-01 08:42:51.158,KXBTC15M-26OCT010945-45,DOWN,1790862165.999131,83777.00,-6.96,0.9975,,,,5.155
2026-10-01 08:42:52.339,KXBTC15M-26OCT010945-45,DOWN,1790862167.016176,83766.38,-10.62,0.9975,,,,5.313
2026-10-01 08:42:53.423,KXBTC15M-26OCT010945-45,UP,1790862168.279083,83782.52,16.14,0.9975,,,,5.114
2026-10-01 08:42:55.033,KXBTC15M-26OCT010945-45,DOWN,1790862169.474219,83773.41,-9.11,0.9975,,,,5.543
2026-10-01 08:42:57.158,KXBTC15M-26OCT010945-45,DOWN,1790862171.783838,83766.61,-6.84,0.9975,,,,5.368
2026-10-01 08:42:57.164,KXBTC15M-26OCT010945-45,DOWN,1790862171.783838,83766.61,-6.84,0.9975,,,,5.368
2026-10-01 08:42:59.201,KXBTC15M-26OCT010945-45,DOWN,1790862173.779346,83755.97,-10.64,0.9975,,,,5.417
2026-10-01 08:43:00.265,KXBTC15M-26OCT010945-45,UP,1790862174.782583,83767.64,11.67,0.9975,,,,5.479
2026-10-01 08:43:01.253,KXBTC15M-26OCT010945-45,UP,1790862175.986869,83778.77,11.13,0.9975,,,,5.263
2026-10-01 08:43:02.689,KXBTC15M-26OCT010945-45,UP,1790862177.579986,83776.89,5.44,0.9975,,,,5.105
2026-10-01 08:43:03.232,KXBTC15M-26OCT010945-45,UP,1790862178.182895,83780.13,5.95,0.9975,,,,5.031
2026-10-01 08:43:04.782,KXBTC15M-26OCT010945-45,UP,1790862179.375375,83793.32,13.19,0.9975,,,,5.402
2026-10-01 08:43:06.344,KXBTC15M-26OCT010945-45,UP,1790862181.074263,83799.98,6.66,0.9985,,,,5.265
2026-10-01 08:43:07.427,KXBTC15M-26OCT010945-45,UP,1790862182.179911,83805.28,5.30,0.9985,,,,5.244
2026-10-01 08:43:09.511,KXBTC15M-26OCT010945-45,DOWN,1790862184.273677,83794.71,-6.20,0.9985,,,,5.232
2026-10-01 08:43:10.995,KXBTC15M-26OCT010945-45,DOWN,1790862185.681521,83776.80,-17.91,0.9985,,,,5.309
2026-10-01 08:43:12.472,KXBTC15M-26OCT010945-45,UP,1790862187.385355,83797.35,13.74,0.9985,,,,5.083
2026-10-01 08:43:13.460,KXBTC15M-26OCT010945-45,UP,1790862188.384660,83807.82,11.11,0.9985,,,,5.071
2026-10-01 08:43:14.448,KXBTC15M-26OCT010945-45,UP,1790862189.290773,83816.53,10.20,0.9985,,,,5.150
2026-10-01 08:45:33.008,KXBTC15M-26OCT011000-00,UP,1790862190.974403,83826.57,10.04,0.9985,,,,142.021
2026-10-01 08:45:33.012,KXBTC15M-26OCT011000-00,DOWN,1790862192.382837,83823.82,-5.08,0.9985,140612.1802330017,140612.1802330017,140612.1802330017,140.612
2026-10-01 08:45:37.789,KXBTC15M-26OCT011000-00,DOWN,1790862332.282712,83982.93,-5.25,0.6450,,,,5.503
2026-10-01 08:45:40.469,KXBTC15M-26OCT011000-00,UP,1790862335.089650,84004.10,15.10,0.6750,665.4856204986572,,,5.374
2026-10-01 08:45:41.090,KXBTC15M-26OCT011000-00,UP,1790862335.876011,84003.55,14.55,0.6750,1909.8646640777588,,,5.211
2026-10-01 08:45:42.215,KXBTC15M-26OCT011000-00,DOWN,1790862339.678067,83985.51,-13.78,0.6650,785.3915691375732,785.3915691375732,2532.146215438843,2.532
2026-10-01 08:45:46.376,KXBTC15M-26OCT011000-00,DOWN,1790862340.974762,83964.36,-23.15,0.6250,1235.4509830474854,1235.4509830474854,,5.398
2026-10-01 08:45:46.378,KXBTC15M-26OCT011000-00,DOWN,1790862341.179397,83962.56,-24.95,0.6050,,,,5.194
2026-10-01 08:45:49.982,KXBTC15M-26OCT011000-00,UP,1790862344.791962,83968.32,9.14,0.6250,1069.7591304779053,1069.7591304779053,,5.177
2026-10-01 08:45:52.158,KXBTC15M-26OCT011000-00,DOWN,1790862347.895446,83960.99,-12.84,0.6350,1018.2082653045654,1018.2082653045654,4249.382734298706,4.249
2026-10-01 08:45:52.698,KXBTC15M-26OCT011000-00,DOWN,1790862348.791193,83955.00,-13.91,0.6050,2314.948797225952,3353.635787963867,3900.7503986358643,3.901
2026-10-01 08:45:52.702,KXBTC15M-26OCT011000-00,DOWN,1790862349.877263,83943.72,-11.28,0.6050,1228.8782596588135,2267.5652503967285,2814.6798610687256,2.815
2026-10-01 08:45:52.705,KXBTC15M-26OCT011000-00,DOWN,1790862351.373836,83933.53,-20.42,0.5950,770.9927558898926,770.9927558898926,1318.1073665618896,1.318
2026-10-01 08:45:57.932,KXBTC15M-26OCT011000-00,DOWN,1790862352.575632,83912.26,-21.27,0.5350,638.9238834381104,1105.9770584106445,,5.342
2026-10-01 08:45:59.474,KXBTC15M-26OCT011000-00,DOWN,1790862353.971565,83897.77,-6.42,0.5150,1764.0912532806396,1764.0912532806396,,5.491
2026-10-01 08:46:03.640,KXBTC15M-26OCT011000-00,UP,1790862358.191972,83901.32,13.32,0.5250,764.6384239196777,764.6384239196777,,5.442
2026-10-01 08:46:04.214,KXBTC15M-26OCT011000-00,UP,1790862358.979845,83912.26,24.26,0.5550,,,,5.219
2026-10-01 08:46:04.831,KXBTC15M-26OCT011000-00,UP,1790862359.793274,83924.79,17.35,0.5350,,,,5.019
2026-10-01 08:46:06.425,KXBTC15M-26OCT011000-00,DOWN,1790862361.284498,83892.83,-31.96,0.4950,,,,5.127
2026-10-01 08:46:07.530,KXBTC15M-26OCT011000-00,DOWN,1790862362.377987,83879.34,-13.49,0.5050,,,,5.133
2026-10-01 08:46:09.060,KXBTC15M-26OCT011000-00,UP,1790862363.574088,83901.23,21.89,0.5350,2837.280035018921,2837.280035018921,,5.481
2026-10-01 08:46:10.030,KXBTC15M-26OCT011000-00,UP,1790862364.599562,83907.58,6.35,0.5350,1811.8057250976562,1811.8057250976562,,5.421
2026-10-01 08:46:12.006,KXBTC15M-26OCT011000-00,UP,1790862366.792882,83922.68,17.19,0.5550,718.0256843566895,1771.3079452514648,,5.210
2026-10-01 08:46:14.999,KXBTC15M-26OCT011000-00,UP,1790862370.879048,83933.09,10.42,0.5750,1673.7000942230225,1673.7000942230225,4114.986181259155,4.115
2026-10-01 08:46:18.582,KXBTC15M-26OCT011000-00,UP,1790862373.292814,83943.52,9.76,0.5950,1701.2207508087158,1701.2207508087158,,5.286
2026-10-01 08:46:20.103,KXBTC15M-26OCT011000-00,UP,1790862374.782382,83974.78,31.25,0.6250,1217.9763317108154,,,5.313
2026-10-01 08:46:21.128,KXBTC15M-26OCT011000-00,DOWN,1790862376.083501,83968.70,-6.08,0.6350,1531.0168266296387,2495.8109855651855,,5.039
2026-10-01 08:46:23.169,KXBTC15M-26OCT011000-00,DOWN,1790862377.877755,83962.37,-7.81,0.6250,701.5573978424072,701.5573978424072,,5.288
2026-10-01 08:46:23.672,KXBTC15M-26OCT011000-00,DOWN,1790862378.375929,83949.39,-20.81,0.6050,1232.3222160339355,4789.358377456665,,5.291
2026-10-01 08:46:23.675,KXBTC15M-26OCT011000-00,DOWN,1790862379.886446,83943.55,-5.84,0.6150,701.2720108032227,701.2720108032227,3780.804395675659,3.781
2026-10-01 08:46:27.288,KXBTC15M-26OCT011000-00,UP,1790862381.977751,83953.08,9.54,0.6150,,,,5.306
2026-10-01 08:46:27.303,KXBTC15M-26OCT011000-00,UP,1790862382.179509,83950.92,7.38,0.5850,3536.721706390381,,,5.104
2026-10-01 08:46:28.892,KXBTC15M-26OCT011000-00,DOWN,1790862383.501758,83933.10,-17.82,0.5550,,,,5.375
2026-10-01 08:46:31.342,KXBTC15M-26OCT011000-00,UP,1790862385.892118,83940.58,9.60,0.5950,,,,5.447
2026-10-01 08:46:33.961,KXBTC15M-26OCT011000-00,DOWN,1790862388.679435,83928.33,-8.54,0.5850,734.4355583190918,734.4355583190918,,5.267
2026-10-01 08:46:34.541,KXBTC15M-26OCT011000-00,DOWN,1790862388.986594,83928.10,-8.77,0.5450,,,,5.541
2026-10-01 08:46:36.245,KXBTC15M-26OCT011000-00,DOWN,1790862391.082916,83914.22,-13.88,0.5450,,,,5.148
2026-10-01 08:46:36.259,KXBTC15M-26OCT011000-00,DOWN,1790862391.082916,83914.22,-13.88,0.5550,,,,5.148
2026-10-01 08:46:38.511,KXBTC15M-26OCT011000-00,UP,1790862393.188747,83940.10,25.88,0.5950,757.48610496521,1338.4437561035156,,5.317
2026-10-01 08:46:39.658,KXBTC15M-26OCT011000-00,UP,1790862394.380098,83960.36,20.26,0.6150,4125.313520431519,,,5.271
2026-10-01 08:46:39.661,KXBTC15M-26OCT011000-00,DOWN,1790862396.783627,83953.96,-6.30,0.6050,2867.1085834503174,2867.1085834503174,2867.1085834503174,2.867
2026-10-01 08:46:39.664,KXBTC15M-26OCT011000-00,DOWN,1790862397.176213,83951.36,-8.90,0.6150,1863.5730743408203,2474.522113800049,2474.522113800049,2.475
2026-10-01 08:46:44.178,KXBTC15M-26OCT011000-00,UP,1790862398.784810,83960.36,9.00,0.6050,,,,5.388
2026-10-01 08:46:45.124,KXBTC15M-26OCT011000-00,DOWN,1790862399.678847,83901.84,-53.05,0.5150,1049.15189743042,2901.639699935913,,5.441
2026-10-01 08:46:45.687,KXBTC15M-26OCT011000-00,DOWN,1790862400.378610,83877.66,-45.02,0.5050,2201.876640319824,3239.30287361145,,5.294
2026-10-01 08:46:48.913,KXBTC15M-26OCT011000-00,DOWN,1790862403.578257,83868.91,-9.20,0.4850,,,,5.325
2026-10-01 08:46:49.939,KXBTC15M-26OCT011000-00,UP,1790862404.577725,83887.23,16.24,0.5050,3824.2580890655518,4325.303316116333,,5.356
2026-10-01 08:46:51.946,KXBTC15M-26OCT011000-00,DOWN,1790862406.693895,83871.28,-7.45,0.4900,,,,5.248
2026-10-01 08:46:53.438,KXBTC15M-26OCT011000-00,UP,1790862408.182645,83891.42,20.15,0.5150,720.3834056854248,2264.3818855285645,,5.250
2026-10-01 08:46:54.473,KXBTC15M-26OCT011000-00,UP,1790862409.078910,83895.01,5.82,0.5150,854.5339107513428,1368.117332458496,,5.389
2026-10-01 08:46:55.465,KXBTC15M-26OCT011000-00,UP,1790862410.374108,83917.74,22.73,0.5450,,,,5.088
2026-10-01 08:46:56.442,KXBTC15M-26OCT011000-00,UP,1790862411.081933,83919.43,17.59,0.5450,,,,5.356
2026-10-01 08:46:57.900,KXBTC15M-26OCT011000-00,DOWN,1790862412.877436,83888.00,-5.25,0.5050,555.2537441253662,1077.9643058776855,,5.018
2026-10-01 08:46:58.894,KXBTC15M-26OCT011000-00,DOWN,1790862413.874463,83868.90,-24.33,0.4850,2563.8949871063232,,,5.016
2026-10-01 08:47:00.872,KXBTC15M-26OCT011000-00,UP,1790862416.874103,83905.67,33.28,0.5150,514.0080451965332,514.0080451965332,3994.4751262664795,3.994
2026-10-01 08:47:04.393,KXBTC15M-26OCT011000-00,UP,1790862419.276140,83919.42,5.56,0.5450,609.971284866333,1592.437744140625,,5.112
2026-10-01 08:47:05.384,KXBTC15M-26OCT011000-00,UP,1790862419.889719,83919.43,5.56,0.5650,,,,5.489
2026-10-01 08:47:07.362,KXBTC15M-26OCT011000-00,DOWN,1790862422.085825,83914.78,-14.10,0.5350,3800.611734390259,5269.564628601074,,5.270
2026-10-01 08:47:09.078,KXBTC15M-26OCT011000-00,UP,1790862423.774673,83912.48,6.19,0.5450,1106.508731842041,1106.508731842041,,5.291
2026-10-01 08:47:10.214,KXBTC15M-26OCT011000-00,UP,1790862424.774400,83926.48,15.26,0.5650,,,,5.433
2026-10-01 08:47:11.297,KXBTC15M-26OCT011000-00,DOWN,1790862425.797530,83913.86,-12.62,0.5250,1557.8598976135254,3268.4922218322754,,5.497
2026-10-01 08:47:12.514,KXBTC15M-26OCT011000-00,DOWN,1790862427.083162,83901.84,-12.02,0.5150,1982.8603267669678,3124.440908432007,,5.416
2026-10-01 08:47:13.015,KXBTC15M-26OCT011000-00,DOWN,1790862427.973706,83891.42,-10.42,0.5150,1092.3163890838623,2233.8969707489014,,5.036
2026-10-01 08:47:15.056,KXBTC15M-26OCT011000-00,DOWN,1790862429.578954,83885.50,-5.90,0.5050,628.6489963531494,628.6489963531494,,5.471
2026-10-01 08:47:16.120,KXBTC15M-26OCT011000-00,DOWN,1790862430.679566,83870.49,-15.01,0.4850,,,,5.431
2026-10-01 08:47:16.690,KXBTC15M-26OCT011000-00,UP,1790862431.383476,83876.18,9.48,0.5150,1625.9281635284424,,,5.296
2026-10-01 08:47:18.308,KXBTC15M-26OCT011000-00,UP,1790862432.876876,83896.82,20.64,0.5250,,,,5.419
2026-10-01 08:47:19.905,KXBTC15M-26OCT011000-00,DOWN,1790862434.472867,83875.91,-20.91,0.4950,577.3258209228516,2207.01003074646,,5.421
2026-10-01 08:47:20.434,KXBTC15M-26OCT011000-00,DOWN,1790862435.179210,83870.58,-24.63,0.4850,1500.6670951843262,3116.7075634002686,,5.238
2026-10-01 08:47:23.491,KXBTC15M-26OCT011000-00,DOWN,1790862438.189668,83852.33,-18.24,0.4550,4308.793544769287,,,5.297
2026-10-01 08:47:26.262,KXBTC15M-26OCT011000-00,UP,1790862441.586281,83868.68,15.20,0.4550,3598.219871520996,3598.219871520996,4661.223411560059,4.661
2026-10-01 08:47:26.278,KXBTC15M-26OCT011000-00,UP,1790862444.507630,83852.26,6.32,0.4550,676.8710613250732,676.8710613250732,1739.8746013641357,1.740
2026-10-01 08:47:27.337,KXBTC15M-26OCT011000-00,UP,1790862445.679948,83870.58,18.32,0.4850,567.556619644165,567.556619644165,1642.080307006836,1.642
2026-10-01 08:47:28.447,KXBTC15M-26OCT011000-00,DOWN,1790862442.976136,83845.94,-22.74,0.4550,510.21265983581543,,,5.464
2026-10-01 08:47:31.887,KXBTC15M-26OCT011000-00,UP,1790862446.686094,83890.13,19.55,0.5250,635.934591293335,1753.605604171753,5195.834636688232,5.196
2026-10-01 08:47:33.397,KXBTC15M-26OCT011000-00,UP,1790862447.888653,83901.83,11.70,0.5450,3993.2758808135986,3993.2758808135986,,5.487
2026-10-01 08:47:35.636,KXBTC15M-26OCT011000-00,DOWN,1790862450.080930,83896.39,-5.45,0.5350,832.2885036468506,,,5.543
2026-10-01 08:47:37.676,KXBTC15M-26OCT011000-00,UP,1790862452.381881,83929.05,32.67,0.5850,1535.735845565796,,,5.290
2026-10-01 08:47:40.068,KXBTC15M-26OCT011000-00,UP,1790862454.981160,83943.51,11.91,0.5950,,,,5.081
2026-10-01 08:47:41.026,KXBTC15M-26OCT011000-00,DOWN,1790862456.376104,83937.09,-6.42,0.5850,3020.5047130584717,3686.4397525787354,4645.681858062744,4.646
2026-10-01 08:47:42.619,KXBTC15M-26OCT011000-00,UP,1790862457.475112,83943.51,6.42,0.5850,4080.2602767944336,4080.2602767944336,,5.138
2026-10-01 08:47:45.163,KXBTC15M-26OCT011000-00,DOWN,1790862459.978560,83933.26,-5.92,0.5650,553.9779663085938,1043.2255268096924,,5.181
2026-10-01 08:47:46.754,KXBTC15M-26OCT011000-00,DOWN,1790862461.379388,83913.94,-9.65,0.6050,1746.3879585266113,,,5.371
2026-10-01 08:47:47.753,KXBTC15M-26OCT011000-00,UP,1790862462.473867,83955.17,41.23,0.6050,3206.2487602233887,3730.3850650787354,,5.276
2026-10-01 08:47:49.231,KXBTC15M-26OCT011000-00,DOWN,1790862464.074937,83949.71,-5.46,0.5950,,,,5.152
2026-10-01 08:47:50.804,KXBTC15M-26OCT011000-00,UP,1790862465.578795,83955.18,5.47,0.6150,625.4572868347168,1171.9911098480225,,5.221
2026-10-01 08:47:51.773,KXBTC15M-26OCT011000-00,UP,1790862466.674614,83986.07,30.89,0.6350,588.2773399353027,,,5.093
2026-10-01 08:47:53.622,KXBTC15M-26OCT011000-00,DOWN,1790862468.527228,83976.02,-10.06,0.6250,,,,5.092
2026-10-01 08:47:55.803,KXBTC15M-26OCT011000-00,UP,1790862470.274152,83986.81,5.77,0.6450,2743.105173110962,,,5.513
2026-10-01 08:47:55.806,KXBTC15M-26OCT011000-00,UP,1790862470.573597,83983.06,6.14,0.6450,2443.6604976654053,,,5.214
2026-10-01 08:47:58.057,KXBTC15M-26OCT011000-00,UP,1790862472.894920,83994.32,14.53,0.6550,,,,5.150
2026-10-01 08:47:59.223,KXBTC15M-26OCT011000-00,DOWN,1790862474.194014,83979.25,-12.97,0.6450,2139.476537704468,2139.476537704468,,5.021
2026-10-01 08:48:00.196,KXBTC15M-26OCT011000-00,UP,1790862475.182405,83980.39,8.16,0.6450,,,,5.011
2026-10-01 08:48:01.196,KXBTC15M-26OCT011000-00,DOWN,1790862476.076143,83968.14,-12.25,0.6250,1968.4844017028809,3610.786199569702,,5.116
2026-10-01 08:48:02.778,KXBTC15M-26OCT011000-00,UP,1790862477.283946,83982.59,14.45,0.6450,,,,5.478
2026-10-01 08:48:03.832,KXBTC15M-26OCT011000-00,DOWN,1790862478.475200,83953.94,-31.15,0.6150,1211.7290496826172,2233.6292266845703,,5.346
2026-10-01 08:48:05.917,KXBTC15M-26OCT011000-00,DOWN,1790862480.472240,83947.75,-6.20,0.5950,1703.986406326294,3862.239122390747,,5.429
2026-10-01 08:48:06.924,KXBTC15M-26OCT011000-00,DOWN,1790862481.686476,83938.30,-9.45,0.6050,489.75086212158203,489.75086212158203,,5.226
2026-10-01 08:48:07.991,KXBTC15M-26OCT011000-00,UP,1790862482.683691,83950.75,17.64,0.5850,1137.749433517456,5301.530122756958,,5.302
2026-10-01 08:48:08.949,KXBTC15M-26OCT011000-00,DOWN,1790862483.687176,83940.78,-9.97,0.5950,647.3033428192139,647.3033428192139,,5.258
2026-10-01 08:48:09.940,KXBTC15M-26OCT011000-00,DOWN,1790862484.783102,83933.22,-7.56,0.5850,,,,5.150
2026-10-01 08:48:14.342,KXBTC15M-26OCT011000-00,UP,1790862489.277681,83955.83,6.86,0.6250,,,,5.054
2026-10-01 08:48:15.847,KXBTC15M-26OCT011000-00,DOWN,1790862490.485015,83937.50,-18.33,0.5750,4853.396654129028,4853.396654129028,,5.358
2026-10-01 08:48:16.440,KXBTC15M-26OCT011000-00,DOWN,1790862492.914744,83931.66,-7.44,0.5750,2423.668146133423,2423.668146133423,3520.6878185272217,3.521
2026-10-01 08:48:16.442,KXBTC15M-26OCT011000-00,DOWN,1790862492.914744,83931.66,-7.44,0.5750,2423.668146133423,2423.668146133423,3520.6878185272217,3.521
2026-10-01 08:48:16.444,KXBTC15M-26OCT011000-00,DOWN,1790862495.281673,83922.68,-8.98,0.5450,561.3749027252197,1153.7587642669678,1153.7587642669678,1.154
2026-10-01 08:48:21.198,KXBTC15M-26OCT011000-00,DOWN,1790862495.879551,83897.20,-34.46,0.4850,2066.466808319092,,,5.314
2026-10-01 08:48:22.206,KXBTC15M-26OCT011000-00,DOWN,1790862497.174603,83881.00,-16.20,0.4850,771.4147567749023,5028.01251411438,,5.028
2026-10-01 08:48:23.204,KXBTC15M-26OCT011000-00,DOWN,1790862498.194282,83866.15,-14.85,0.4850,2431.265115737915,4008.333206176758,,5.006
2026-10-01 08:48:25.317,KXBTC15M-26OCT011000-00,UP,1790862500.093468,83874.65,8.50,0.4850,4635.060548782349,,,5.221
2026-10-01 08:48:26.742,KXBTC15M-26OCT011000-00,UP,1790862501.600846,83874.65,5.43,0.4850,3127.682685852051,,,5.129
2026-10-01 08:48:27.210,KXBTC15M-26OCT011000-00,DOWN,1790862502.175155,83860.18,-11.33,0.4650,,,,5.026
2026-10-01 08:48:30.630,KXBTC15M-26OCT011000-00,UP,1790862505.173262,83872.73,8.33,0.4850,4963.8190269470215,5452.165842056274,,5.452
2026-10-01 08:48:31.136,KXBTC15M-26OCT011000-00,UP,1790862505.900265,83874.66,5.33,0.4850,4236.815929412842,4725.162744522095,,5.231
2026-10-01 08:48:34.748,KXBTC15M-26OCT011000-00,DOWN,1790862509.475956,83863.55,-11.10,0.4850,,,,5.267
2026-10-01 08:48:35.431,KXBTC15M-26OCT011000-00,UP,1790862510.426632,83894.01,31.04,0.5250,1700.3414630889893,1700.3414630889893,,5.001
2026-10-01 08:48:36.429,KXBTC15M-26OCT011000-00,UP,1790862510.938455,83891.91,17.25,0.5250,1188.5178089141846,1188.5178089141846,,5.486
2026-10-01 08:48:37.981,KXBTC15M-26OCT011000-00,UP,1790862512.473857,83912.19,20.28,0.5450,,,,5.503
2026-10-01 08:48:38.500,KXBTC15M-26OCT011000-00,UP,1790862513.293760,83912.19,18.17,0.5250,4683.17174911499,5201.545000076294,,5.202
2026-10-01 08:48:40.647,KXBTC15M-26OCT011000-00,DOWN,1790862515.193178,83889.54,-22.65,0.5150,710.1669311523438,,,5.437
2026-10-01 08:48:42.908,KXBTC15M-26OCT011000-00,DOWN,1790862517.377134,83883.97,-6.45,0.5250,,,,5.516
2026-10-01 08:48:43.499,KXBTC15M-26OCT011000-00,UP,1790862518.089844,83905.00,12.34,0.5450,3760.4291439056396,,,5.402
2026-10-01 08:48:44.650,KXBTC15M-26OCT011000-00,UP,1790862519.378356,83912.07,7.07,0.5450,2471.9173908233643,4687.020063400269,,5.266
2026-10-01 08:48:46.336,KXBTC15M-26OCT011000-00,DOWN,1790862521.074111,83906.56,-5.51,0.5450,,,,5.259
2026-10-01 08:48:46.914,KXBTC15M-26OCT011000-00,UP,1790862521.513556,83912.32,12.32,0.5550,2551.820755004883,4819.671392440796,,5.398
2026-10-01 08:48:49.536,KXBTC15M-26OCT011000-00,UP,1790862524.180948,83919.19,6.87,0.5550,2152.278423309326,2152.278423309326,,5.322
2026-10-01 08:48:50.201,KXBTC15M-26OCT011000-00,DOWN,1790862527.074924,83903.43,-8.90,0.5450,781.390905380249,1321.2673664093018,3108.959674835205,3.109
2026-10-01 08:48:50.776,KXBTC15M-26OCT011000-00,DOWN,1790862527.074924,83903.43,-8.90,0.5250,1832.3326110839844,3108.959674835205,3687.3443126678467,3.687
2026-10-01 08:48:50.789,KXBTC15M-26OCT011000-00,DOWN,1790862529.473942,83891.42,-12.01,0.5150,709.9425792694092,709.9425792694092,1288.3272171020508,1.288
2026-10-01 08:48:56.130,KXBTC15M-26OCT011000-00,DOWN,1790862530.683003,83860.16,-31.26,0.4650,,,,5.442
2026-10-01 08:48:57.154,KXBTC15M-26OCT011000-00,UP,1790862531.698289,83868.76,8.60,0.4950,,,,5.441
2026-10-01 08:48:58.803,KXBTC15M-26OCT011000-00,DOWN,1790862533.274835,83862.85,-10.94,0.4750,,,,5.515
2026-10-01 08:49:01.873,KXBTC15M-26OCT011000-00,UP,1790862536.385396,83877.46,14.37,0.4950,1319.4687366485596,4125.89955329895,5469.30718421936,5.469
2026-10-01 08:49:03.498,KXBTC15M-26OCT011000-00,DOWN,1790862538.074522,83870.41,-7.05,0.5000,,,,5.420
2026-10-01 08:49:05.611,KXBTC15M-26OCT011000-00,UP,1790862540.477167,83880.99,6.38,0.5150,778.3041000366211,1377.5367736816406,,5.103
2026-10-01 08:49:05.627,KXBTC15M-26OCT011000-00,DOWN,1790862542.780499,83887.86,-9.54,0.5450,714.4553661346436,1229.8862934112549,2799.2260456085205,2.799
2026-10-01 08:49:07.388,KXBTC15M-26OCT011000-00,UP,1790862541.805390,83897.40,16.41,0.5450,,,,5.570
2026-10-01 08:49:09.662,KXBTC15M-26OCT011000-00,DOWN,1790862544.283659,83872.05,-18.69,0.5050,1296.0660457611084,4281.089544296265,,5.362
2026-10-01 08:49:12.308,KXBTC15M-26OCT011000-00,DOWN,1790862547.283707,83861.24,-6.42,0.4950,1281.041145324707,1860.8102798461914,,5.019
2026-10-01 08:49:14.102,KXBTC15M-26OCT011000-00,DOWN,1790862548.974721,83850.00,-15.89,0.4650,,,,5.122
2026-10-01 08:49:15.145,KXBTC15M-26OCT011000-00,UP,1790862550.076694,83863.16,13.16,0.4850,1713.609218597412,2754.4379234313965,,5.064
2026-10-01 08:49:16.332,KXBTC15M-26OCT011000-00,UP,1790862550.874652,83861.09,11.09,0.4850,915.6508445739746,1956.479549407959,,5.452
2026-10-01 08:49:17.837,KXBTC15M-26OCT011000-00,UP,1790862552.575225,83872.83,8.90,0.5150,,,,5.258
2026-10-01 08:49:18.828,KXBTC15M-26OCT011000-00,DOWN,1790862553.773409,83863.93,-8.90,0.4950,844.9892997741699,1367.6576614379883,,5.050
2026-10-01 08:49:19.860,KXBTC15M-26OCT011000-00,DOWN,1790862554.408334,83863.94,-8.89,0.4750,1424.5429039001465,3425.093650817871,,5.447
2026-10-01 08:49:19.862,KXBTC15M-26OCT011000-00,DOWN,1790862554.408334,83863.94,-8.89,0.4650,3425.093650817871,4950.741291046143,,5.447
2026-10-01 08:49:20.889,KXBTC15M-26OCT011000-00,DOWN,1790862556.879314,83850.51,-13.43,0.4750,954.1137218475342,954.1137218475342,3997.387409210205,3.997
2026-10-01 08:49:26.137,KXBTC15M-26OCT011000-00,DOWN,1790862560.793553,83842.73,-5.96,0.4250,,,,5.339
2026-10-01 08:49:27.174,KXBTC15M-26OCT011000-00,DOWN,1790862561.873511,83828.91,-13.82,0.4250,,,,5.279
2026-10-01 08:49:29.315,KXBTC15M-26OCT011000-00,DOWN,1790862567.294546,83847.75,-8.03,0.4550,907.9368114471436,907.9368114471436,1996.8738555908203,1.997
2026-10-01 08:49:29.851,KXBTC15M-26OCT011000-00,UP,1790862564.677561,83846.09,13.04,0.4450,1455.2359580993652,1455.2359580993652,,5.160
2026-10-01 08:49:31.005,KXBTC15M-26OCT011000-00,UP,1790862565.978268,83855.78,9.69,0.4650,,,,5.023
2026-10-01 08:49:31.010,KXBTC15M-26OCT011000-00,DOWN,1790862568.600327,83830.37,-17.38,0.4150,691.0929679870605,691.0929679870605,2400.7728099823,2.401
2026-10-01 08:49:32.111,KXBTC15M-26OCT011000-00,DOWN,1790862569.381925,83818.48,-19.00,0.3850,1013.6284828186035,1619.1744804382324,2713.682174682617,2.714
2026-10-01 08:49:33.750,KXBTC15M-26OCT011000-00,DOWN,1790862570.534995,83802.84,-15.64,0.3650,1015.3889656066895,1015.3889656066895,3210.5908393859863,3.211
2026-10-01 08:49:34.265,KXBTC15M-26OCT011000-00,DOWN,1790862571.177032,83784.72,-33.76,0.3350,2568.5529708862305,2568.5529708862305,3081.1047554016113,3.081
