local_ts,ticker,event,side,qty,price,entry_price,gross_pnl_this,fee_this,fees_total,realized_gross_total,net_total,reason,btc,target,seconds_left
2026-10-01T09:30:35.340-05:00,KXBTC15M-26OCT011045-45,ENTRY,NO,1.0000,0.5200,0.5200,0.0000,0.0200,0.0200,0.0000,-0.0200,FIRST_CROSS_ENTRY,84099.82,84108.68,864.90
2026-10-01T09:30:36.874-05:00,KXBTC15M-26OCT011045-45,EXIT,NO,1.0000,0.4900,0.5200,-0.0300,0.0200,0.0400,-0.0300,-0.0700,COINBASE_TARGET_BREAK_DEFENSE,84112.78,84108.68,863.35
2026-10-01T09:30:40.331-05:00,KXBTC15M-26OCT011045-45,ENTRY,NO,1.0000,0.5100,0.5100,0.0000,0.0200,0.0600,-0.0300,-0.0900,FIRST_CROSS_ENTRY,84111.00,84108.68,859.96
2026-10-01T09:30:43.425-05:00,KXBTC15M-26OCT011045-45,EXIT,NO,1.0000,0.5100,0.5100,0.0000,0.0200,0.0800,-0.0300,-0.1100,COINBASE_TARGET_BREAK_DEFENSE,84111.14,84108.68,856.80
2026-10-01T09:30:46.999-05:00,KXBTC15M-26OCT011045-45,ENTRY,NO,1.0000,0.5300,0.5300,0.0000,0.0200,0.1000,-0.0300,-0.1300,FIRST_CROSS_ENTRY,84094.78,84108.68,853.29
2026-10-01T09:30:49.141-05:00,KXBTC15M-26OCT011045-45,EXIT,NO,1.0000,0.4800,0.5300,-0.0500,0.0200,0.1200,-0.0800,-0.2000,COINBASE_TARGET_BREAK_DEFENSE,84118.05,84108.68,851.12
2026-10-01T09:30:53.080-05:00,KXBTC15M-26OCT011045-45,ENTRY,NO,1.0000,0.5100,0.5100,0.0000,0.0200,0.1400,-0.0800,-0.2200,FIRST_CROSS_ENTRY,84103.01,84108.68,847.18
2026-10-01T09:30:54.801-05:00,KXBTC15M-26OCT011045-45,EXIT,NO,1.0000,0.4400,0.5100,-0.0700,0.0200,0.1600,-0.1500,-0.3100,COINBASE_TARGET_BREAK_DEFENSE,84114.32,84108.68,845.62
2026-10-01T09:30:58.254-05:00,KXBTC15M-26OCT011045-45,ENTRY,NO,1.0000,0.4600,0.4600,0.0000,0.0200,0.1800,-0.1500,-0.3300,FIRST_CROSS_ENTRY,84131.09,84108.68,841.97
2026-10-01T09:31:01.626-05:00,KXBTC15M-26OCT011045-45,EXIT,NO,1.0000,0.4200,0.4600,-0.0400,0.0200,0.2000,-0.1900,-0.3900,1M_REGIME_FLIP,84125.62,84108.68,838.58
2026-10-01T09:31:01.815-05:00,KXBTC15M-26OCT011045-45,ENTRY,YES,1.0000,0.5800,0.5800,0.0000,0.0200,0.2200,-0.1900,-0.4100,1M_REGIME_FLIP,84125.62,84108.68,838.58
2026-10-01T09:31:19.042-05:00,KXBTC15M-26OCT011045-45,EXIT,YES,1.0000,0.4800,0.5800,-0.1000,0.0200,0.2400,-0.2900,-0.5300,COINBASE_TARGET_BREAK_DEFENSE,84091.79,84108.68,821.19
